Timestamp,Name,ID_Type,Document_Number,Fraud_Risk_Level,Fraud_Probability,Confidence
2025-11-15 22:23:17,ISHAAN,AADHAR,888888888888,Medium,50.0,50.0
2025-11-15 22:28:25,Test User,AADHAR,123456789012,Medium,50.0,50.0
2025-11-15 22:29:30,John Doe,AADHAR,123456789012,Medium,50.0,50.0
2025-11-15 22:29:30,Valid User,AADHAR,111111111111,Medium,50.0,50.0
2025-11-15 22:29:30,Suspicious User,AADHAR,999999999999,Medium,50.0,50.0
2025-11-15T23:38:26.761445,Siya Suri,AADHAR,3802 8562 8563,High,99.72566255353506
2025-11-15T23:38:26.769554,Aaryahi Shere,AADHAR,6186 5705 1021,High,99.94477018779266
2025-11-15T23:38:26.774231,Samaira Das,AADHAR,1154 9773 2201,High,99.87620769907495
2025-11-15T23:38:26.777124,Tiya Balasubramanian,AADHAR,4484 4108 1868,High,99.99735071725082
2025-11-15T23:38:26.780870,Suhana Choudhry,AADHAR,2681 1002 1607,High,99.9773639883034
2025-11-15T23:38:26.784695,Vidur Raju,AADHAR,4775 3475 2138,High,99.80543437008555
2025-11-15T23:38:26.789486,Devansh Balay,AADHAR,7173 2696 0461,High,99.94012344198329
2025-11-15T23:38:26.793699,Mishti Sharaf,AADHAR,7404 4935 4303,High,99.94789857528869
2025-11-15T23:38:26.796909,Drishya Korpal,AADHAR,2208 9688 7471,High,99.95753238803121
2025-11-15T23:38:26.800155,Sumer Mand,AADHAR,4553 2210 2026,High,99.80572526251973
2025-11-15T23:38:26.804478,Zara Thakur,AADHAR,7218 1658 2763,High,99.8715924417307
2025-11-15T23:38:26.808624,Diya Ramanathan,AADHAR,7467 8933 0793,High,99.97325554567824
2025-11-15T23:38:26.811404,Advika Sanghvi,AADHAR,9234 9338 7345,High,99.96691730901318
2025-11-15T23:38:26.813771,Misha Comar,AADHAR,1429 5502 3786,High,99.84522633116109
2025-11-15T23:38:26.817683,Samar Wali,AADHAR,7902 0150 7731,High,99.80717322661941
2025-11-15T23:38:26.824246,Ayesha Bath,AADHAR,5111 6910 0576,High,99.89178846819439
2025-11-15T23:38:26.827421,Gokul Aurora,AADHAR,1126 8213 3579,High,99.9108584369475
2025-11-15T23:38:26.830361,Taran Bhasin,AADHAR,2435 0892 6414,High,99.90321645230101
2025-11-15T23:38:26.846961,Raunak Mane,AADHAR,7269 7574 0355,High,99.8771309917748
2025-11-15T23:38:26.855324,Aayush Krish,AADHAR,7045 6900 5725,High,99.90711743863457
2025-11-15T23:38:26.859191,Kabir Sampath,AADHAR,7358 9543 1061,High,99.92968323258695
2025-11-15T23:38:26.862542,Elakshi Dugal,AADHAR,0726 5317 1103,High,99.94418788860226
2025-11-15T23:38:26.865199,Amira Talwar,AADHAR,7113 5099 5314,High,99.91552734260736
2025-11-15T23:38:26.873726,Yashvi Gill,AADHAR,7808 5552 0426,High,99.88443284495821
2025-11-15T23:38:26.877051,Kanav Sampath,AADHAR,3800 3380 5707,High,99.95084984837771
2025-11-15T23:38:26.880479,Stuvan Bassi,AADHAR,7894 4979 1198,High,99.92560779488213
2025-11-15T23:38:26.887248,Jayan Sunder,AADHAR,6419 8168 7505,High,99.92627104637664
2025-11-15T23:38:26.891744,Hansh Kothari,AADHAR,5310 1873 6879,High,99.94101384307321
2025-11-15T23:38:26.896108,Samar Gade,AADHAR,0649 7966 0502,High,99.78672636339907
2025-11-15T23:38:26.899159,Hazel Sahota,AADHAR,9381 9581 3827,High,99.91514690623362
2025-11-15T23:38:26.905247,Oorja Kala,AADHAR,2245 6781 6157,High,99.80659533801783
2025-11-15T23:38:26.908562,Mamooty Kumar,AADHAR,8978 3658 4334,High,99.93926986483565
2025-11-15T23:38:26.911783,Darshit Wason,AADHAR,9005 2100 9523,High,99.95290091019326
2025-11-15T23:38:26.915491,Nayantara Lad,AADHAR,9699 0781 2999,High,99.94460443896195
2025-11-15T23:38:26.920826,Eshani Maharaj,AADHAR,3376 5721 2376,High,99.96907097234566
2025-11-15T23:38:26.924616,Oorja Seshadri,AADHAR,6166 0045 6969,High,99.96547641972624
2025-11-15T23:38:26.927372,Dhanush Baral,AADHAR,9674 7381 4201,High,99.94313535932079
2025-11-15T23:38:26.930959,Neelofar Agrawal,AADHAR,5926 2649 3972,High,99.98243868102544
2025-11-15T23:38:26.935564,Chirag Doctor,AADHAR,7091 6236 7146,High,99.94643661390157
2025-11-15T23:38:26.939007,Anaya Madan,AADHAR,4925 3254 4626,High,99.89130123624264
2025-11-15T23:38:26.941693,Badal Yohannan,AADHAR,0413 0324 7116,High,99.96301717172396
2025-11-15T23:38:26.944522,Ojas Issac,AADHAR,3910 6061 7272,High,99.82514067081858
2025-11-15T23:38:26.947514,Oorja Gade,AADHAR,9338 5880 0699,High,99.79878881968136
2025-11-15T23:38:26.951509,Farhan Luthra,AADHAR,4541 1317 0949,High,99.94402039322658
2025-11-15T23:38:26.956703,Kimaya Kara,AADHAR,8469 8836 6716,High,99.84523135262535
2025-11-15T23:38:26.959775,Biju Bahl,AADHAR,0734 1828 4254,High,99.71966359113577
2025-11-15T23:38:26.962435,Zain Thakkar,AADHAR,4293 6831 6440,High,99.91819800007285
2025-11-15T23:38:26.967507,Nayantara Setty,AADHAR,3111 0977 9233,High,99.97477084164046
2025-11-15T23:38:26.971142,Baiju Rao,AADHAR,2765 2890 3833,High,99.71756036410054
2025-11-15T23:38:26.974181,Zoya Loyal,AADHAR,4477 8964 2764,High,99.83699746750483
2025-11-15T23:38:26.976867,Kanav Dubey,AADHAR,8926 8970 8423,High,99.86409217166963
2025-11-15T23:38:26.979436,Misha Atwal,AADHAR,9916 0841 1896,High,99.89081181288407
2025-11-15T23:38:26.983008,Eshani Borah,AADHAR,8874 8118 7237,High,99.92903113288595
2025-11-15T23:38:26.987585,Shayak Vohra,AADHAR,3541 8296 3326,High,99.89960713029022
2025-11-15T23:38:26.990609,Shanaya Bir,AADHAR,4025 7586 6362,High,99.86204223419006
2025-11-15T23:38:26.993545,Gatik Dyal,AADHAR,4237 2816 9305,High,99.78608039200739
2025-11-15T23:38:26.996627,Myra Sankaran,AADHAR,7998 3264 7948,High,99.9443548830977
2025-11-15T23:38:26.999981,Advika Bera,AADHAR,4667 3989 5894,High,99.88408622922132
2025-11-15T23:38:27.003935,Rania Mann,AADHAR,5136 2879 3408,High,99.73714974516703
2025-11-15T23:38:27.007659,Samar Chatterjee,AADHAR,3109 9751 2636,High,99.98289199002377
2025-11-15T23:38:27.010575,Neelofar Garg,AADHAR,7263 0934 2017,High,99.93416065564435
2025-11-15T23:38:27.014394,Aarush Korpal,AADHAR,7530 6468 6364,High,99.94984780010086
2025-11-15T23:38:27.018472,Zoya Sheth,AADHAR,6612 4285 6257,High,99.82487879855304
2025-11-15T23:38:27.022363,Kabir Jhaveri,AADHAR,6774 4856 4540,High,99.95275955074005
2025-11-15T23:38:27.026117,Tushar Tara,AADHAR,5098 5230 1867,High,99.8544214492893
2025-11-15T23:38:27.029760,Reyansh Dar,AADHAR,4580 7848 4468,High,99.89178846819439
2025-11-15T23:38:27.034206,Zain Dhillon,AADHAR,1129 0594 3475,High,99.91917240043634
2025-11-15T23:38:27.038206,Zoya Contractor,AADHAR,3930 4369 5585,High,99.98018520876808
2025-11-15T23:38:27.042534,Elakshi Karnik,AADHAR,5629 0911 8438,High,99.96180796294912
2025-11-15T23:38:27.046387,Tiya Barad,AADHAR,2817 8979 8481,High,99.81943738405259
2025-11-15T23:38:27.051212,Samarth Basak,AADHAR,3576 4958 1031,High,99.93605126039773
2025-11-15T23:38:27.056461,Bhamini Kamdar,AADHAR,1691 6662 5822,High,99.96563128281174
2025-11-15T23:38:27.061336,Advika Ahuja,AADHAR,0852 0340 3588,High,99.92043009380205
2025-11-15T23:38:27.066549,Saira Joshi,AADHAR,0713 9718 5045,High,99.8636846322597
2025-11-15T23:38:27.069889,Mishti Butala,AADHAR,4281 1465 7031,High,99.92989359578117
2025-11-15T23:38:27.075127,Onkar Mall,AADHAR,4436 1883 6755,High,99.8246165347922
2025-11-15T23:38:27.080294,Zain Kalita,AADHAR,3842 3915 1309,High,99.86266043653981
2025-11-15T23:38:27.085405,Seher Konda,AADHAR,0076 0114 7758,High,99.88460576440147
2025-11-15T23:38:27.090734,Shanaya Mahal,AADHAR,7789 5333 7529,High,99.95304184684977
2025-11-15T23:38:27.096306,Heer Seth,AADHAR,5233 2399 7261,High,99.70660951316962
2025-11-15T23:38:27.101372,Ahana  Sidhu,AADHAR,4899 8600 0442,High,99.92149561021404
2025-11-15T23:38:27.106469,Devansh Ramachandran,AADHAR,1525 4828 0869,High,99.99680591033098
2025-11-15T23:38:27.111875,Advika Zachariah,AADHAR,5960 3924 4024,High,99.9841490724567
2025-11-15T23:38:27.119216,Misha Sodhi,AADHAR,1656 5772 1561,High,99.88690988315709
2025-11-15T23:38:27.124261,Rhea Borra,AADHAR,1097 0019 1312,High,99.83650881369293
2025-11-15T23:38:27.129192,Ranbir Chakraborty,AADHAR,6802 0680 6376,High,99.99274993416574
2025-11-15T23:38:27.135293,Keya Sura,AADHAR,6235 5115 3382,High,99.74896388224353
2025-11-15T23:38:27.139238,Jivin Doshi,AADHAR,3068 9426 0840,High,99.8715924417307
2025-11-15T23:38:27.143743,Eshani Bhatt,AADHAR,2062 5734 2573,High,99.91765118056041
2025-11-15T23:38:27.150344,Tanya Dhar,AADHAR,7225 4626 5773,High,99.8350340598251
2025-11-15T23:38:27.155630,Nakul Bali,AADHAR,0596 3120 0703,High,99.79346072912274
2025-11-15T23:38:27.159845,Himmat Master,AADHAR,2522 9162 1213,High,99.94828744548946
2025-11-15T23:38:27.164391,Divyansh Bhasin,AADHAR,3661 8981 3285,High,99.97564205838295
2025-11-15T23:38:27.171012,Siya D’Alia,AADHAR,5855 0162 7908,High,99.87786467140279
2025-11-15T23:38:27.176395,Shayak Chadha,AADHAR,6219 8140 4544,High,99.94699546412286
2025-11-15T23:38:27.181717,Keya Shukla,AADHAR,9024 1437 4767,High,99.84899517925427
2025-11-15T23:38:27.187313,Madhup Sodhi,AADHAR,1390 8665 5261,High,99.91856476810564
2025-11-15T23:38:27.192151,Sara Sunder,AADHAR,1952 9485 7853,High,99.8636846322597
2025-11-15T23:38:27.197015,Dhanush Shroff,AADHAR,1240 6482 9152,High,99.96440097923474
2025-11-15T23:38:27.202416,Kimaya Lad,AADHAR,7960 9340 1683,High,99.8129835399295
2025-11-15T23:38:27.207110,Pari Sen,AADHAR,6567 0997 6926,High,99.58956268904655
2025-11-15T23:38:27.211919,Kiara Divan,AADHAR,0311 6603 1720,High,99.89146388989847
2025-11-15T23:38:27.218490,Mamooty Tiwari,AADHAR,7311 7479 5677,High,99.9672134471137
2025-11-15T23:38:27.225390,Manikya Atwal,AADHAR,7613 0833 0269,High,99.94039196359338
2025-11-15T23:38:27.231850,Vanya Banik,AADHAR,7258 7073 6869,High,99.87620769907495
2025-11-15T23:38:27.237694,Anvi Singhal,AADHAR,4266 3992 2115,High,99.91552734260736
2025-11-15T23:38:27.242602,Mahika Dugal,AADHAR,0426 4194 5713,High,99.91354718310478
2025-11-15T23:38:27.247325,Taimur Saxena,AADHAR,5302 6182 4124,High,99.94048120308723
2025-11-15T23:38:27.252124,Taimur Upadhyay,AADHAR,9964 3722 5939,High,99.97567853762382
2025-11-15T23:38:27.258130,Emir Wali,AADHAR,4111 2142 0624,High,99.76736981540807
2025-11-15T23:38:27.265341,Jivin Mammen,AADHAR,7004 1671 8172,High,99.92409151529918
2025-11-15T23:38:27.268950,Rasha Dugar,AADHAR,3592 8960 6198,High,99.84944656922833
2025-11-15T23:38:27.273863,Ivana Chander,AADHAR,7260 1977 6184,High,99.94030259037827
2025-11-15T23:38:27.277964,Tejas Malhotra,AADHAR,6766 0956 1466,High,99.96651829462357
2025-11-15T23:38:27.282305,Kiaan Mani,AADHAR,5808 4874 9160,High,99.77224548041423
2025-11-15T23:38:27.287302,Veer Anand,AADHAR,4491 5083 5144,High,99.80717322661941
2025-11-15T23:38:27.292319,Mannat Borah,AADHAR,1517 2823 6050,High,99.90991892149424
2025-11-15T23:38:27.297662,Saksham Babu,AADHAR,3196 0539 4235,High,99.9002067337281
2025-11-15T23:38:27.302720,Jiya Basak,AADHAR,8862 7877 5187,High,99.83552711422217
2025-11-15T23:38:27.307574,Navya Bhalla,AADHAR,7046 3436 5086,High,99.92454499448694
2025-11-15T23:38:27.313550,Zaina Ganguly,AADHAR,5566 5863 7618,High,99.94727029461656
2025-11-15T23:38:27.319715,Trisha Bal,AADHAR,0423 0124 8688,High,99.78544638254002
2025-11-15T23:38:27.326491,Ivan Madan,AADHAR,7453 1198 1100,High,99.81437750741149
2025-11-15T23:38:27.340461,Sahil Ghose,AADHAR,8843 9073 2734,High,99.88512297365973
2025-11-15T23:38:27.345950,Riya Gade,AADHAR,5266 9615 8974,High,99.71586645926912
2025-11-15T23:38:27.351963,Samiha Sinha,AADHAR,8734 7905 7505,High,99.92397772062364
2025-11-15T23:38:27.357893,Arhaan Gera,AADHAR,2197 7335 1918,High,99.8719763696245
2025-11-15T23:38:27.364242,Farhan Sule,AADHAR,9922 4392 6185,High,99.8636846322597
2025-11-15T23:38:27.369156,Pranay Sachdev,AADHAR,7857 2812 0404,High,99.96696685040344
2025-11-15T23:38:27.374320,Raghav Goswami,AADHAR,7692 9035 7738,High,99.96434759105748
2025-11-15T23:38:27.377833,Taimur Ratta,AADHAR,5723 0723 6487,High,99.9100537412749
2025-11-15T23:38:27.382931,Jivika Sridhar,AADHAR,5358 9250 6452,High,99.96493048516109
2025-11-15T23:38:27.386740,Ryan Badami,AADHAR,2312 3163 6063,High,99.87713497940062
2025-11-15T23:38:27.390403,Zara Dara,AADHAR,9017 1833 7649,High,99.65301136983962
2025-11-15T23:38:27.394247,Prerak Date,AADHAR,9154 8073 4315,High,99.8498966119169
2025-11-15T23:38:27.399178,Vidur Kannan,AADHAR,1534 7013 3715,High,99.92126006765038
2025-11-15T23:38:27.403356,Ela Luthra,AADHAR,1602 7227 4584,High,99.81242303171193
2025-11-15T23:38:27.406943,Raghav Dass,AADHAR,9766 4827 7129,High,99.88460576440147
2025-11-15T23:38:27.410652,Anya Rajagopal,AADHAR,8529 3751 7186,High,99.96471963418952
2025-11-15T23:38:27.415602,Nayantara Sehgal,AADHAR,8567 9234 7483,High,99.98115927500666
2025-11-15T23:38:27.420984,Tara Jani,AADHAR,0274 7621 8535,High,99.6664548060072
2025-11-15T23:38:27.425662,Aradhya Kar,AADHAR,0596 6070 8898,High,99.84208453378172
2025-11-15T23:38:27.429580,Saksham Venkatesh,AADHAR,8432 7598 3043,High,99.98746085234147
2025-11-15T23:38:27.434113,Dhruv Aggarwal,AADHAR,0006 0088 0978,High,99.96461488339608
2025-11-15T23:38:27.438826,Abram Saran,AADHAR,9423 8472 4564,High,99.87676250291531
2025-11-15T23:38:27.443134,Nehmat Bassi,AADHAR,1923 4026 4225,High,99.90951324955721
2025-11-15T23:38:27.446455,Lakshay Balasubramanian,AADHAR,3962 0836 0883,High,99.99918455937193
2025-11-15T23:38:27.450413,Jhanvi Bora,AADHAR,3387 5420 7469,High,99.88047844266171
2025-11-15T23:38:27.454506,Azad Vaidya,AADHAR,8429 2494 1159,High,99.89259567822705
2025-11-15T23:38:27.458345,Charvi Manne,AADHAR,5250 3784 5290,High,99.90978389981568
2025-11-15T23:38:27.462166,Manikya Dash,AADHAR,8637 4687 2618,High,99.91552734260736
2025-11-15T23:38:27.468216,Taimur Garg,AADHAR,5333 7532 4016,High,99.8632758724567
2025-11-15T23:38:27.473831,Suhana Handa,AADHAR,3811 7578 8930,High,99.92409151529918
2025-11-15T23:38:27.477394,Yuvaan Bhat,AADHAR,1780 1729 3716,High,99.86266043653981
2025-11-15T23:38:27.481589,Manikya Joshi,AADHAR,2122 2900 7409,High,99.9419318767988
2025-11-15T23:38:27.487370,Aaryahi Anand,AADHAR,5937 3894 6767,High,99.94427144836641
2025-11-15T23:38:27.491396,Advik Dugar,AADHAR,7700 0446 1852,High,99.87786467140279
2025-11-15T23:38:27.494408,Rasha Vaidya,AADHAR,3371 2618 4667,High,99.91552734260736
2025-11-15T23:38:27.497213,Elakshi Cheema,AADHAR,8430 9782 3958,High,99.96461373395421
2025-11-15T23:38:27.501446,Shanaya Sahni,AADHAR,7614 9201 3317,High,99.94611463083221
2025-11-15T23:38:27.504516,Dharmajan Gera,AADHAR,6191 1995 3565,High,99.97086698390754
2025-11-15T23:38:27.507363,Tarini Chauhan,AADHAR,2100 8083 8594,High,99.96061957093137
2025-11-15T23:38:27.509939,Rati Chaudhary,AADHAR,9724 8237 6097,High,99.96477246544214
2025-11-15T23:38:27.512771,Alia Mandal,AADHAR,6831 7258 7355,High,99.8719763696245
2025-11-15T23:38:27.521093,Armaan Sura,AADHAR,7860 7318 8042,High,99.86490360383404
2025-11-15T23:38:27.524462,Kiara Krishnan,AADHAR,8053 8179 5455,High,99.9605605139789
2025-11-15T23:38:27.528032,Tarini Wason,AADHAR,5001 3136 2551,High,99.92007172010364
2025-11-15T23:38:27.536431,Gokul Mangat,AADHAR,0066 2198 2723,High,99.90991892149424
2025-11-15T23:38:27.542454,Neysa Chad,AADHAR,2105 4771 3011,High,99.78608732828648
2025-11-15T23:38:27.547394,Shray Basu,AADHAR,4116 8454 2599,High,99.82514067081858
2025-11-15T23:38:27.554748,Rati Dube,AADHAR,8410 9466 0086,High,99.6947795437994
2025-11-15T23:38:27.559830,Ahana  Suresh,AADHAR,8059 3076 3450,High,99.95121511741485
2025-11-15T23:38:27.564281,Riaan Rama,AADHAR,7310 4716 2562,High,99.8138211692698
2025-11-15T23:38:27.570671,Ishita Borra,AADHAR,4797 6279 1888,High,99.91476475796429
2025-11-15T23:38:27.574025,Ojas Guha,AADHAR,8283 6161 6573,High,99.76192490766846
2025-11-15T23:38:27.577146,Saanvi Khanna,AADHAR,7850 7769 7523,High,99.92782107498334
2025-11-15T23:38:27.580189,Kiara Babu,AADHAR,6226 3571 2420,High,99.79222108100633
2025-11-15T23:38:27.586413,Neelofar Hegde,AADHAR,0334 8673 3287,High,99.9593942156613
2025-11-15T23:38:27.589858,Kismat Deep,AADHAR,9006 6764 4574,High,99.88172848766209
2025-11-15T23:38:27.592669,Nirvi Hans,AADHAR,6641 5150 2640,High,99.80058694963536
2025-11-15T23:38:27.595363,Ayesha Grewal,AADHAR,0851 3298 7294,High,99.9362425848331
2025-11-15T23:38:27.597835,Dharmajan Anand,AADHAR,7074 6706 5271,High,99.97600440270989
2025-11-15T23:38:27.603101,Sahil Sawhney,AADHAR,1741 4827 4334,High,99.94851937377825
2025-11-15T23:38:27.605698,Samar Choudhry,AADHAR,1852 7966 8361,High,99.96786759498757
2025-11-15T23:38:27.608001,Mamooty Sami,AADHAR,6677 4957 1192,High,99.91678319820389
2025-11-15T23:38:27.610452,Tushar Bandi,AADHAR,1115 3745 9253,High,99.91527390819004
2025-11-15T23:38:27.612726,Indranil Kibe,AADHAR,0503 4080 6488,High,99.94727029461656
2025-11-15T23:38:27.615225,Sahil Seshadri,AADHAR,3120 1180 9825,High,99.96279482148152
2025-11-15T23:38:27.620679,Miraan Rana,AADHAR,1765 9017 1322,High,99.8769468851074
2025-11-15T23:38:27.623786,Shaan Boase,AADHAR,6424 0446 6679,High,99.8921120768841
2025-11-15T23:38:27.626095,Indrajit Subramaniam,AADHAR,9299 0972 4461,High,99.99725995981338
2025-11-15T23:38:27.628553,Mahika Sen,AADHAR,3246 3401 3433,High,99.83552711422217
2025-11-15T23:38:27.630706,Tara Bhandari,AADHAR,9468 6856 8639,High,99.95261776722297
2025-11-15T23:38:27.634050,Pranay Kota,AADHAR,2086 0532 2345,High,99.8719763696245
2025-11-15T23:38:27.636998,Kiaan Kuruvilla,AADHAR,4332 2597 6360,High,99.97676348363458
2025-11-15T23:38:27.639801,Nehmat Sami,AADHAR,2986 7493 0176,High,99.85420336436309
2025-11-15T23:38:27.642859,Inaaya  Dyal,AADHAR,3752 9678 5372,High,99.92363531281673
2025-11-15T23:38:27.645100,Shlok Baria,AADHAR,3045 2570 7261,High,99.87657784478728
2025-11-15T23:38:27.647579,Aarush Jhaveri,AADHAR,0532 2341 6961,High,99.96434759105748
2025-11-15T23:38:27.650670,Vritika Upadhyay,AADHAR,5804 8166 9007,High,99.98299425348601
2025-11-15T23:38:27.653452,Shayak Loke,AADHAR,2704 8270 1012,High,99.8804823217784
2025-11-15T23:38:27.656561,Eva Sridhar,AADHAR,7197 0477 3375,High,99.87178454919709
2025-11-15T23:38:27.659115,Divit Hans,AADHAR,1085 5910 2854,High,99.78608732828648
2025-11-15T23:38:27.662744,Aarna Borra,AADHAR,3835 6005 6499,High,99.85881466057168
2025-11-15T23:38:27.667904,Amira Madan,AADHAR,5759 7818 2912,High,99.86660578867973
2025-11-15T23:38:27.671473,Faiyaz Brahmbhatt,AADHAR,7196 1775 8179,High,99.99001868486113
2025-11-15T23:38:27.674001,Zaina Gandhi,AADHAR,4568 9867 1419,High,99.91527390819004
2025-11-15T23:38:27.676893,Hridaan Sampath,AADHAR,8200 6593 8001,High,99.9738676230812
2025-11-15T23:38:27.681019,Hrishita Date,AADHAR,5182 7435 5336,High,99.94003366640227
2025-11-15T23:38:27.684985,Lavanya Mand,AADHAR,8416 4751 2592,High,99.91819800007285
2025-11-15T23:38:27.688933,Saanvi Buch,AADHAR,3909 6216 2761,High,99.88632080828252
2025-11-15T23:38:27.694194,Rania Guha,AADHAR,0346 8772 4494,High,99.79222108100633
2025-11-15T23:38:27.700969,Vaibhav Grewal,AADHAR,2335 9253 1306,High,99.9631278482177
2025-11-15T23:38:27.705246,Yasmin Rattan,AADHAR,5823 3929 6658,High,99.95261776722297
2025-11-15T23:38:27.710154,Badal Dhingra,AADHAR,6744 5005 5466,High,99.95055438125318
2025-11-15T23:38:27.714274,Anaya Ram,AADHAR,2883 7202 8370,High,99.68671607246525
2025-11-15T23:38:27.718996,Manikya Goda,AADHAR,2060 4063 3307,High,99.92903113288595
2025-11-15T23:38:27.724085,Indranil Gera,AADHAR,1922 1715 3933,High,99.94758537583041
2025-11-15T23:38:27.729200,Mahika Srinivasan,AADHAR,2089 5046 2084,High,99.99049254390222
2025-11-15T23:38:27.732762,Saanvi Lad,AADHAR,4422 6191 9132,High,99.83528077120175
2025-11-15T23:38:27.738482,Raunak Talwar,AADHAR,9479 5969 8444,High,99.95275955074005
2025-11-15T23:38:27.743013,Damini Konda,AADHAR,6163 3555 1544,High,99.93920485725198
2025-11-15T23:38:27.748067,Sahil Bajwa,AADHAR,0467 7290 2366,High,99.8719763696245
2025-11-15T23:38:27.753214,Manikya Badal,AADHAR,1420 0696 3494,High,99.9443548830977
2025-11-15T23:38:27.756260,Azad Basu,AADHAR,1796 2032 5937,High,99.6834114192638
2025-11-15T23:38:27.758947,Madhup Sandal,AADHAR,0973 9495 1524,High,99.93416065564435
2025-11-15T23:38:27.764438,Aaryahi Khurana,AADHAR,9861 4362 6948,High,99.975605524441
2025-11-15T23:38:27.771126,Dishani Hayre,AADHAR,3346 3960 5447,High,99.94954631218368
2025-11-15T23:38:27.774950,Chirag Kamdar,AADHAR,6586 9757 8810,High,99.94984780010086
2025-11-15T23:38:27.781801,Manjari Agrawal,AADHAR,2690 2570 8346,High,99.97495838164164
2025-11-15T23:38:27.789823,Miraya Hegde,AADHAR,3512 8520 1670,High,99.92025474511262
2025-11-15T23:38:27.794173,Nitya Iyer,AADHAR,0499 7784 5902,High,99.8243538789529
2025-11-15T23:38:27.800912,Sahil Dubey,AADHAR,8595 0719 6459,High,99.84944656922833
2025-11-15T23:38:27.807626,Nitya Tiwari,AADHAR,0650 4183 2425,High,99.91018835945903
2025-11-15T23:38:27.814417,Riya Jayaraman,AADHAR,7808 9795 3107,High,99.96691730901318
2025-11-15T23:38:27.820801,Taran Bumb,AADHAR,8156 0102 3433,High,99.79128647482437
2025-11-15T23:38:27.825340,Miraya Kunda,AADHAR,6706 4912 0218,High,99.91758304859867
2025-11-15T23:38:27.829526,Urvi Acharya,AADHAR,2333 5338 4194,High,99.91615761979587
2025-11-15T23:38:27.842984,Pranay Samra,AADHAR,3113 6991 6706,High,99.91276957010096
2025-11-15T23:38:27.848001,Ahana  Kata,AADHAR,0413 2334 1977,High,99.87331111137972
2025-11-15T23:38:27.860605,Pihu Sood,AADHAR,2284 4019 1270,High,99.73272628689449
2025-11-15T23:38:27.864780,Aarush Kumer,AADHAR,7062 5396 6420,High,99.9091057523756
2025-11-15T23:38:27.872187,Vedika Comar,AADHAR,0753 5490 9822,High,99.89060135525037
2025-11-15T23:38:27.877165,Anaya Lal,AADHAR,5640 1135 5268,High,99.68576813994852
2025-11-15T23:38:27.882157,Nakul Mani,AADHAR,4267 7623 5529,High,99.82409083045106
2025-11-15T23:38:27.888346,Advik Bawa,AADHAR,6470 0188 3265,High,99.77711452333831
2025-11-15T23:38:27.892947,Shalv Baria,AADHAR,5600 4146 3368,High,99.8735006508425
2025-11-15T23:38:27.896334,Seher Khare,AADHAR,7181 2327 6939,High,99.87101439281054
2025-11-15T23:38:27.901767,Dharmajan Subramaniam,AADHAR,2700 5726 3204,High,99.99800379747028
2025-11-15T23:38:27.905780,Samarth Kapadia,AADHAR,6043 3182 9208,High,99.97665876977125
2025-11-15T23:38:27.910183,Mehul Sekhon,AADHAR,8161 5126 6770,High,99.92340618524092
2025-11-15T23:38:27.915181,Gokul Ramakrishnan,AADHAR,1435 3437 0662,High,99.99326232385222
2025-11-15T23:38:27.921347,Piya Swamy,AADHAR,0522 3051 6970,High,99.77428027924411
2025-11-15T23:38:27.924308,Nirvaan Lad,AADHAR,5323 0196 7084,High,99.84359616314197
2025-11-15T23:38:27.927258,Faiyaz Bhardwaj,AADHAR,3818 3755 1696,High,99.97575133232962
2025-11-15T23:38:27.929949,Bhamini Sur,AADHAR,8297 0292 7646,High,99.88495082836715
2025-11-15T23:38:27.934493,Prerak Lal,AADHAR,7916 6861 5021,High,99.7925316873845
2025-11-15T23:38:27.939053,Ayesha Varma,AADHAR,6724 4531 8774,High,99.9184426950263
2025-11-15T23:38:27.942461,Shalv Ghose,AADHAR,1125 0470 0358,High,99.84922104290304
2025-11-15T23:38:27.946749,Ivana Krishnamurthy,AADHAR,0654 3110 8626,High,99.99551602734886
2025-11-15T23:38:27.951882,Bhavin Gokhale,AADHAR,7174 5957 7406,High,99.96671839958879
2025-11-15T23:38:27.955580,Kanav Kannan,AADHAR,1017 4901 4546,High,99.91489233140534
2025-11-15T23:38:27.960905,Kashvi Sarin,AADHAR,2309 8389 4196,High,99.90991892149424
2025-11-15T23:38:27.968170,Ira Chana,AADHAR,6382 9259 3355,High,99.75008753174266
2025-11-15T23:38:27.972809,Lagan Sawhney,AADHAR,4798 3228 6560,High,99.94287918906537
2025-11-15T23:38:27.976935,Kanav Grewal,AADHAR,1840 3900 3592,High,99.90991892149424
2025-11-15T23:38:27.981867,Nakul Cherian,AADHAR,3683 1986 1599,High,99.957295375607
2025-11-15T23:38:27.987102,Tanya Viswanathan,AADHAR,7741 5791 9998,High,99.99117797892822
2025-11-15T23:38:27.991196,Madhup Saha,AADHAR,1748 5423 6594,High,99.8546392084755
2025-11-15T23:38:27.994710,Gatik Edwin,AADHAR,1432 2033 5283,High,99.8941045775566
2025-11-15T23:38:28.001481,Advik Wason,AADHAR,8278 5430 8757,High,99.8852948616713
2025-11-15T23:38:28.008479,Kismat Kapur,AADHAR,7659 2807 9058,High,99.92386375548809
2025-11-15T23:38:28.013031,Mehul Loyal,AADHAR,9541 1268 9971,High,99.84967175873246
2025-11-15T23:38:28.018538,Vanya Gopal,AADHAR,2509 6121 4178,High,99.85507375156759
2025-11-15T23:38:28.022508,Charvi Bhargava,AADHAR,3730 4087 0439,High,99.97722787514962
2025-11-15T23:38:28.026308,Tarini Mane,AADHAR,2077 2055 8624,High,99.8581791719331
2025-11-15T23:38:28.030242,Bhavin Kaul,AADHAR,6094 6818 9685,High,99.88495082836715
2025-11-15T23:38:28.035792,Shaan Ratta,AADHAR,6634 8384 6525,High,99.89081181288407
2025-11-15T23:38:28.040164,Krish Trivedi,AADHAR,9588 7143 7574,High,99.94977259735397
2025-11-15T23:38:28.045861,Biju Bawa,AADHAR,8122 8023 9465,High,99.6649563923806
2025-11-15T23:38:28.053853,Samaira Jaggi,AADHAR,9023 8935 0593,High,99.95240429404635
2025-11-15T23:38:28.063462,Nitara Babu,AADHAR,7539 1895 9703,High,99.87293118112757
2025-11-15T23:38:28.085110,Hansh Thakur,AADHAR,5247 5067 6585,High,99.9164084130485
2025-11-15T23:38:28.094465,Darshit Gaba,AADHAR,9246 7977 2597,High,99.9288181836054
2025-11-15T23:38:28.108991,Mahika Dugar,AADHAR,2826 4030 5460,High,99.91552734260736
2025-11-15T23:38:28.125625,Kimaya Saraf,AADHAR,6394 4001 1750,High,99.90883306951652
2025-11-15T23:38:28.139658,Hansh Bora,AADHAR,9415 1625 5851,High,99.82644418006963
2025-11-15T23:38:28.144416,Seher Konda,AADHAR,4439 4524 3558,High,99.86720356848593
2025-11-15T23:38:28.152658,Baiju Sabharwal,AADHAR,2024 6137 6797,High,99.97117801212929
2025-11-15T23:38:28.157171,Aayush Guha,AADHAR,6036 2953 8787,High,99.8632758724567
2025-11-15T23:38:28.168321,Dhanush Bhandari,AADHAR,4633 7718 0111,High,99.98560686593181
2025-11-15T23:38:28.178977,Aarna Dass,AADHAR,0424 3817 3833,High,99.8048512804396
2025-11-15T23:38:28.191549,Priyansh Gade,AADHAR,0227 2166 7474,High,99.94750678238157
2025-11-15T23:38:28.200428,Tanya Viswanathan,AADHAR,2511 4221 9119,High,99.99073827934006
2025-11-15T23:38:28.208189,Tara Swamy,AADHAR,1818 3772 9624,High,99.8138211692698
2025-11-15T23:38:28.213105,Jiya Iyengar,AADHAR,4927 4943 1777,High,99.8942211930074
2025-11-15T23:38:28.222656,Diya Bandi,AADHAR,1842 7281 6661,High,99.79998936196944
2025-11-15T23:38:28.226763,Jayant Gopal,AADHAR,9618 4819 7003,High,99.90964867593742
2025-11-15T23:38:28.231542,Inaaya  Lad,AADHAR,9079 6296 1256,High,99.87255011294775
2025-11-15T23:38:28.241310,Yakshit Jani,AADHAR,4361 5934 2771,High,99.90080275954848
2025-11-15T23:38:28.247152,Pooja Verma,PAN,EVTPV3280M,High,99.99094473358996
2025-11-15T23:38:28.255305,Deepak Gupta,PAN,DOSPG9518M,High,99.99362114996143
2025-11-15T23:38:28.259636,Sonia Reddy,PAN,LXGPR6970J,High,99.99032855394069
2025-11-15T23:38:28.264110,Nisha Reddy,PAN,ZKBPR1800P,High,99.99152165900936
2025-11-15T23:38:28.270761,Neha Reddy,PAN,RSNPR4397M,High,99.98627083092295
2025-11-15T23:38:28.275814,Meera Chopra,PAN,XIBPC4351E,High,99.99362114996143
2025-11-15T23:38:28.280070,Rakesh Reddy,PAN,BZOPR3433W,High,99.99440809102083
2025-11-15T23:38:28.287001,Sanjay Singh,PAN,VYPPS0857N,High,99.99402756682377
2025-11-15T23:38:28.290723,Ritu Patel,PAN,SAQPP7620X,High,99.98627083092295
2025-11-15T23:38:28.296094,Meera Das,PAN,GOSPD5051X,High,99.97918498170209
2025-11-15T23:38:28.306742,Ritu Sharma,PAN,AVBPS0994X,High,99.99094473358996
2025-11-15T23:38:28.312394,Rahul Sharma,PAN,HCZPS0304H,High,99.99440809102083
2025-11-15T23:38:28.320298,Amit Reddy,PAN,DSTPR8510M,High,99.98533665495658
2025-11-15T23:38:28.323835,Kavita Patel,PAN,DBGPP8984X,High,99.99440809102083
2025-11-15T23:38:28.326746,Neha Reddy,PAN,IORPR8156A,High,99.98627083092295
2025-11-15T23:38:28.329587,Amit Gupta,PAN,KWJPG5760P,High,99.98627083092295
2025-11-15T23:38:28.333416,Neha Chopra,PAN,IQCPC0180Q,High,99.99206183051116
2025-11-15T23:38:28.337134,Amit Singh,PAN,HLCPS6998D,High,99.98627083092295
2025-11-15T23:38:28.340223,Nisha Das,PAN,ASNPD9834X,High,99.97776876940681
2025-11-15T23:38:28.343326,Karan Reddy,PAN,YHUPR4468C,High,99.99094473358996
2025-11-15T23:38:28.346323,Neha Gupta,PAN,UAYPG5634N,High,99.98533665495658
2025-11-15T23:38:28.349482,Deepak Singh,PAN,ZUYPS7053F,High,99.99362114996143
2025-11-15T23:38:28.353148,Rakesh Singh,PAN,QHWPS0852D,High,99.99362114996143
2025-11-15T23:38:28.357162,Kavita Mehta,PAN,UTCPM1606T,High,99.99440809102083
2025-11-15T23:38:28.360344,Rohan Reddy,PAN,FGVPR2409U,High,99.99032855394069
2025-11-15T23:38:28.363574,Priya Mehta,PAN,VAPPM2821U,High,99.99152165900936
2025-11-15T23:38:28.369254,Neha Gupta,PAN,JQRPG4464Q,High,99.98796445133729
2025-11-15T23:38:28.372327,Deepak Singh,PAN,KDPPS7577U,High,99.99476437198591
2025-11-15T23:38:28.374975,Manish Das,PAN,ERGPD4005E,High,99.9871454998302
2025-11-15T23:38:28.377933,Karan Reddy,PAN,AXJPR7768O,High,99.99094473358996
2025-11-15T23:38:28.380807,Pooja Mehta,PAN,INAPM2689E,High,99.99032855394069
2025-11-15T23:38:28.386102,Rohan Mehta,PAN,ROEPM3069Z,High,99.99032855394069
2025-11-15T23:38:28.388897,Sneha Patel,PAN,JSSPP2658P,High,99.99206183051116
2025-11-15T23:38:28.391709,Rohan Gupta,PAN,LXKPG8573Z,High,99.99032855394069
2025-11-15T23:38:28.395148,Vikram Chopra,PAN,DLPPC9833D,High,99.99654686782475
2025-11-15T23:38:28.397980,Meera Reddy,PAN,TWBPR0557I,High,99.99094473358996
2025-11-15T23:38:28.402530,Meera Sharma,PAN,AUGPS0923G,High,99.99402756682377
2025-11-15T23:38:28.406023,Sonia Gupta,PAN,RWRPG5653V,High,99.99152165900936
2025-11-15T23:38:28.409093,Priya Sharma,PAN,PGIPS6209V,High,99.99402756682377
2025-11-15T23:38:28.411992,Rakesh Kapoor,PAN,RODPK5435B,High,99.99606090179691
2025-11-15T23:38:28.415941,Rakesh Mehta,PAN,RXNPM0404E,High,99.99440809102083
2025-11-15T23:38:28.420298,Pooja Verma,PAN,WDJPV9860L,High,99.99032855394069
2025-11-15T23:38:28.423543,Pooja Patel,PAN,LVNPP7159N,High,99.99152165900936
2025-11-15T23:38:28.426288,Rahul Sharma,PAN,DRZPS9767Y,High,99.99402756682377
2025-11-15T23:38:28.428849,Rakesh Reddy,PAN,KAZPR1996K,High,99.99440809102083
2025-11-15T23:38:28.432195,Ritu Das,PAN,YIQPD6376U,High,99.96844316377182
2025-11-15T23:38:28.436793,Vikram Reddy,PAN,ZFPPR9829E,High,99.99440809102083
2025-11-15T23:38:28.440463,Neha Mehta,PAN,AWUPM1793M,High,99.98627083092295
2025-11-15T23:38:28.443236,Ritu Gupta,PAN,RRIPG4433W,High,99.98796445133729
2025-11-15T23:38:28.445657,Rohan Das,PAN,VPRPD0232G,High,99.9805109935792
2025-11-15T23:38:28.449392,Anjali Das,PAN,WUBPD7829S,High,99.98533665495658
2025-11-15T23:38:28.454558,Deepak Singh,PAN,VYTPS2363P,High,99.99440809102083
2025-11-15T23:38:28.457114,Neha Verma,PAN,BUYPV6788L,High,99.98627083092295
2025-11-15T23:38:28.460657,Rahul Sharma,PAN,VSFPS2360O,High,99.99402756682377
2025-11-15T23:38:28.463936,Priya Das,PAN,WLBPD7232X,High,99.97918498170209
2025-11-15T23:38:28.468066,Sanjay Chopra,PAN,FIXPC5288W,High,99.99606090179691
2025-11-15T23:38:28.470929,Kavita Verma,PAN,AAVPV8891A,High,99.99509795410096
2025-11-15T23:38:28.473757,Vikram Kapoor,PAN,JJPPK7427T,High,99.99654686782475
2025-11-15T23:38:28.476516,Deepak Singh,PAN,KPLPS0443L,High,99.99476437198591
2025-11-15T23:38:28.478868,Kavita Reddy,PAN,CNKPR9711M,High,99.99402756682377
2025-11-15T23:38:28.482800,Sanjay Patel,PAN,VBQPP8577Q,High,99.99476437198591
2025-11-15T23:38:28.487323,Deepak Kapoor,PAN,NBHPK2218V,High,99.99606090179691
2025-11-15T23:38:28.489915,Ritu Chopra,PAN,HXPPC3271L,High,99.99094473358996
2025-11-15T23:38:28.492651,Anjali Gupta,PAN,VVPPG6013M,High,99.99440809102083
2025-11-15T23:38:28.495784,Meera Verma,PAN,GCJPV8055J,High,99.99152165900936
2025-11-15T23:38:28.499278,Arjun Sharma,PAN,EPCPS4280Z,High,99.99402756682377
2025-11-15T23:38:28.502935,Vikram Patel,PAN,TSSPP4495U,High,99.99476437198591
2025-11-15T23:38:28.506182,Deepak Patel,PAN,TRSPP7814V,High,99.99402756682377
2025-11-15T23:38:28.509195,Sneha Chopra,PAN,RNBPC9964W,High,99.99402756682377
2025-11-15T23:38:28.511481,Neha Gupta,PAN,PXKPG9463G,High,99.9871454998302
2025-11-15T23:38:28.514578,Meera Gupta,PAN,EIKPG4342T,High,99.99094473358996
2025-11-15T23:38:28.520983,Rahul Kapoor,PAN,QEOPK8357U,High,99.99362114996143
2025-11-15T23:38:28.523666,Deepak Sharma,PAN,SMDPS9915C,High,99.99631188002883
2025-11-15T23:38:28.526855,Arjun Kapoor,PAN,ZOKPK0277X,High,99.99440809102083
2025-11-15T23:38:28.529903,Neha Kapoor,PAN,OUPPK6707Z,High,99.99152165900936
2025-11-15T23:38:28.534544,Manish Chopra,PAN,ZOHPC2961I,High,99.99579284510142
2025-11-15T23:38:28.537554,Sanjay Verma,PAN,TUVPV6549K,High,99.99402756682377
2025-11-15T23:38:28.540674,Deepak Mehta,PAN,NRVPM2888U,High,99.99440809102083
2025-11-15T23:38:28.543370,Priya Singh,PAN,LLTPS2348K,High,99.99094473358996
2025-11-15T23:38:28.546162,Rohan Patel,PAN,UEQPP5318E,High,99.99152165900936
2025-11-15T23:38:28.549400,Rahul Das,PAN,HJFPD0872G,High,99.97776876940681
2025-11-15T23:38:28.553271,Kavita Verma,PAN,XIUPV9099P,High,99.99476437198591
2025-11-15T23:38:28.555496,Manish Kapoor,PAN,SYQPK4342K,High,99.99631188002883
2025-11-15T23:38:28.558358,Rakesh Gupta,PAN,VHYPG2557J,High,99.99402756682377
2025-11-15T23:38:28.561318,Pooja Sharma,PAN,HEAPS8309K,High,99.99362114996143
2025-11-15T23:38:28.564528,Neha Patel,PAN,OYGPP1537E,High,99.98627083092295
2025-11-15T23:38:28.570030,Meera Mehta,PAN,LCMPM8737S,High,99.99152165900936
2025-11-15T23:38:28.573560,Deepak Verma,PAN,SHPPV8767W,High,99.99440809102083
2025-11-15T23:38:28.576793,Priya Verma,PAN,CCKPV0210D,High,99.99152165900936
2025-11-15T23:38:28.579649,Karan Sharma,PAN,OEDPS7780Y,High,99.99402756682377
2025-11-15T23:38:28.582555,Anjali Reddy,PAN,SPTPR9390L,High,99.99440809102083
2025-11-15T23:38:28.586965,Nisha Verma,PAN,WQUPV6373A,High,99.99094473358996
2025-11-15T23:38:28.590438,Manish Gupta,PAN,VZAPG6724O,High,99.99362114996143
2025-11-15T23:38:28.593241,Karan Kapoor,PAN,XPPPK2928V,High,99.99476437198591
2025-11-15T23:38:28.595985,Priya Verma,PAN,LTMPV1952W,High,99.99032855394069
2025-11-15T23:38:28.600786,Rohan Gupta,PAN,GSAPG7314Y,High,99.99094473358996
2025-11-15T23:38:28.605179,Sonia Kapoor,PAN,JALPK7928U,High,99.99362114996143
2025-11-15T23:38:28.608397,Anjali Chopra,PAN,VWWPC4102R,High,99.99606090179691
2025-11-15T23:38:28.610866,Karan Singh,PAN,VMGPS1786X,High,99.99032855394069
2025-11-15T23:38:28.613474,Pooja Kapoor,PAN,MUNPK1749M,High,99.99402756682377
2025-11-15T23:38:28.618805,Kavita Verma,PAN,UNMPV3802J,High,99.99362114996143
2025-11-15T23:38:28.622304,Sneha Singh,PAN,JAIPS4193D,High,99.99032855394069
2025-11-15T23:38:28.625181,Sonia Patel,PAN,JBEPP0955K,High,99.99152165900936
2025-11-15T23:38:28.627896,Amit Das,PAN,IYVPD7860F,High,99.96629634600185
2025-11-15T23:38:28.630449,Rakesh Reddy,PAN,SSRPR5003A,High,99.99476437198591
2025-11-15T23:38:28.634744,Arjun Mehta,PAN,WXRPM2158E,High,99.99032855394069
2025-11-15T23:38:28.638196,Anjali Chopra,PAN,FETPC4480I,High,99.99606090179691
2025-11-15T23:38:28.641372,Rakesh Das,PAN,DLAPD8851R,High,99.9871454998302
2025-11-15T23:38:28.643671,Pooja Chopra,PAN,ESQPC9342J,High,99.99362114996143
2025-11-15T23:38:28.647573,Arjun Mehta,PAN,ESNPM4323Y,High,99.99094473358996
2025-11-15T23:38:28.652486,Rahul Sharma,PAN,OOAPS4847R,High,99.99440809102083
2025-11-15T23:38:28.655425,Amit Sharma,PAN,LLAPS9270E,High,99.99094473358996
2025-11-15T23:38:28.658246,Karan Sharma,PAN,IXQPS9138A,High,99.99362114996143
2025-11-15T23:38:28.661277,Rahul Kapoor,PAN,XYZPK5145P,High,99.99440809102083
2025-11-15T23:38:28.663933,Deepak Verma,PAN,TWCPV1246I,High,99.99362114996143
2025-11-15T23:38:28.668391,Priya Patel,PAN,KKUPP5399C,High,99.99206183051116
2025-11-15T23:38:28.671539,Amit Das,PAN,UZUPD4450X,High,99.97045327635485
2025-11-15T23:38:28.674701,Arjun Reddy,PAN,RTNPR2038A,High,99.99094473358996
2025-11-15T23:38:28.678382,Rohan Kapoor,PAN,PGBPK2609W,High,99.99402756682377
2025-11-15T23:38:28.680875,Priya Das,PAN,JHLPD2346G,High,99.97776876940681
2025-11-15T23:38:28.684880,Neha Singh,PAN,LRAPS4430L,High,99.9871454998302
2025-11-15T23:38:28.687835,Sanjay Kapoor,PAN,SRVPK2683Y,High,99.99579284510142
2025-11-15T23:38:28.691208,Arjun Mehta,PAN,XUFPM7019P,High,99.99094473358996
2025-11-15T23:38:28.695208,Sanjay Singh,PAN,VIIPS3116V,High,99.99476437198591
2025-11-15T23:38:28.698481,Anjali Das,PAN,NZCPD3768E,High,99.98533665495658
2025-11-15T23:38:28.702644,Priya Reddy,PAN,DQAPR4730Q,High,99.99094473358996
2025-11-15T23:38:28.706117,Kavita Das,PAN,UGPPD0151J,High,99.9871454998302
2025-11-15T23:38:28.709441,Sonia Reddy,PAN,KHSPR6268Y,High,99.99094473358996
2025-11-15T23:38:28.712556,Deepak Das,PAN,TJZPD4126X,High,99.98533665495658
2025-11-15T23:38:28.715050,Nisha Sharma,PAN,VKWPS7423O,High,99.99362114996143
2025-11-15T23:38:28.718900,Arjun Das,PAN,NUAPD1248Z,High,99.97776876940681
2025-11-15T23:38:28.722640,Karan Das,PAN,EOZPD6030F,High,99.97918498170209
2025-11-15T23:38:28.725709,Priya Reddy,PAN,VNMPR8622A,High,99.99094473358996
2025-11-15T23:38:28.729460,Amit Kapoor,PAN,BGDPK6456X,High,99.99094473358996
2025-11-15T23:38:28.734291,Rahul Das,PAN,DEAPD3699W,High,99.9805109935792
2025-11-15T23:38:28.738041,Arjun Chopra,PAN,KPRPC4519R,High,99.99440809102083
2025-11-15T23:38:28.741925,Rakesh Reddy,PAN,MMNPR1750U,High,99.99402756682377
2025-11-15T23:38:28.745570,Rakesh Sharma,PAN,AJIPS8195S,High,99.99606090179691
2025-11-15T23:38:28.749792,Sneha Patel,PAN,GBNPP3991T,High,99.99152165900936
2025-11-15T23:38:28.754419,Sonia Das,PAN,QMKPD1751M,High,99.9805109935792
2025-11-15T23:38:28.757510,Neha Singh,PAN,HJEPS9144A,High,99.98627083092295
2025-11-15T23:38:28.761254,Rohan Reddy,PAN,VMDPR4371F,High,99.99032855394069
2025-11-15T23:38:28.764410,Meera Kapoor,PAN,GJEPK8388Z,High,99.99440809102083
2025-11-15T23:38:28.769109,Arjun Kapoor,PAN,GTRPK4933M,High,99.99402756682377
2025-11-15T23:38:28.773417,Ritu Sharma,PAN,WDQPS6280R,High,99.99032855394069
2025-11-15T23:38:28.777133,Meera Mehta,PAN,AOMPM9971C,High,99.99152165900936
2025-11-15T23:38:28.781306,Nisha Patel,PAN,YRJPP7630T,High,99.99094473358996
2025-11-15T23:38:28.784945,Ritu Mehta,PAN,YCTPM2906L,High,99.98533665495658
2025-11-15T23:38:28.788231,Deepak Sharma,PAN,EBUPS1409X,High,99.99579284510142
2025-11-15T23:38:28.792098,Sanjay Patel,PAN,IRZPP8607D,High,99.99402756682377
2025-11-15T23:38:28.796669,Deepak Mehta,PAN,GRNPM3141L,High,99.99402756682377
2025-11-15T23:38:28.799819,Pooja Kapoor,PAN,CZXPK4171T,High,99.99402756682377
2025-11-15T23:38:28.802476,Neha Das,PAN,GFMPD6892G,High,99.96844316377182
2025-11-15T23:38:28.806040,Anjali Mehta,PAN,PUGPM7741E,High,99.99440809102083
2025-11-15T23:38:28.809838,Nisha Reddy,PAN,LNDPR8657O,High,99.99032855394069
2025-11-15T23:38:28.814772,Sanjay Verma,PAN,PBDPV7718R,High,99.99440809102083
2025-11-15T23:38:28.819557,Manish Reddy,PAN,ZZSPR6948H,High,99.99402756682377
2025-11-15T23:38:28.824840,Rahul Mehta,PAN,NYLPM8065X,High,99.99032855394069
2025-11-15T23:38:28.829783,Nisha Chopra,PAN,CHEPC1148T,High,99.99440809102083
2025-11-15T23:38:28.835074,Rohan Mehta,PAN,KJSPM8182E,High,99.99094473358996
2025-11-15T23:38:28.839608,Nisha Das,PAN,PZMPD9625M,High,99.9805109935792
2025-11-15T23:38:28.842551,Karan Das,PAN,XWJPD8300N,High,99.97918498170209
2025-11-15T23:38:28.846723,Ritu Sharma,PAN,HNZPS4175V,High,99.99032855394069
2025-11-15T23:38:28.851723,Deepak Reddy,PAN,KCTPR0091Z,High,99.99402756682377
2025-11-15T23:38:28.855802,Neha Patel,PAN,XUJPP0019F,High,99.9871454998302
2025-11-15T23:38:28.860140,Priya Das,PAN,KKAPD6014C,High,99.97918498170209
2025-11-15T23:38:28.866871,Deepak Gupta,PAN,UUJPG6387O,High,99.99402756682377
2025-11-15T23:38:28.872502,Rohan Gupta,PAN,ERBPG4327G,High,99.99094473358996
2025-11-15T23:38:28.877911,Pooja Kapoor,PAN,MNFPK0255T,High,99.99402756682377
2025-11-15T23:38:28.884224,Meera Gupta,PAN,EUEPG4530L,High,99.99094473358996
2025-11-15T23:38:28.888256,Nisha Gupta,PAN,SCCPG6322V,High,99.99152165900936
2025-11-15T23:38:28.891907,Sneha Mehta,PAN,CEGPM7388J,High,99.99094473358996
2025-11-15T23:38:28.895707,Deepak Patel,PAN,PVEPP5068B,High,99.99440809102083
2025-11-15T23:38:28.900593,Kavita Mehta,PAN,FQRPM3112B,High,99.99402756682377
2025-11-15T23:38:28.904391,Nisha Gupta,PAN,FCGPG4638W,High,99.99094473358996
2025-11-15T23:38:28.907781,Deepak Gupta,PAN,VXRPG3206Q,High,99.99362114996143
2025-11-15T23:38:28.910548,Rahul Singh,PAN,RQTPS0660U,High,99.99152165900936
2025-11-15T23:38:28.913764,Deepak Verma,PAN,DCWPV9259R,High,99.99402756682377
2025-11-15T23:38:28.917359,Nisha Gupta,PAN,RUSPG0773R,High,99.99152165900936
2025-11-15T23:38:28.920441,Karan Mehta,PAN,BETPM6401F,High,99.99032855394069
2025-11-15T23:38:28.923514,Sonia Verma,PAN,WXGPV5926Q,High,99.99032855394069
2025-11-15T23:38:28.925992,Anjali Verma,PAN,VZEPV3079Q,High,99.99402756682377
2025-11-15T23:38:28.929365,Amit Mehta,PAN,HLEPM1669W,High,99.98627083092295
2025-11-15T23:38:28.933418,Karan Gupta,PAN,CEGPG9500S,High,99.99152165900936
2025-11-15T23:38:28.936298,Rahul Verma,PAN,PFKPV4273C,High,99.99094473358996
2025-11-15T23:38:28.939551,Nisha Verma,PAN,CIMPV7117S,High,99.99152165900936
2025-11-15T23:38:28.942974,Vikram Singh,PAN,BIRPS0607F,High,99.99402756682377
2025-11-15T23:38:28.945668,Vikram Das,PAN,AUVPD3890E,High,99.98533665495658
2025-11-15T23:38:28.949511,Rakesh Gupta,PAN,GMWPG6612L,High,99.99440809102083
2025-11-15T23:38:28.952789,Ritu Verma,PAN,ONQPV6915W,High,99.98533665495658
2025-11-15T23:38:28.955641,Rakesh Patel,PAN,GJLPP2766J,High,99.99476437198591
2025-11-15T23:38:28.958904,Rohan Das,PAN,JKVPD9602Z,High,99.97776876940681
2025-11-15T23:38:28.962014,Amit Patel,PAN,ZSCPP1127E,High,99.9871454998302
2025-11-15T23:38:28.966003,Neha Das,PAN,MOBPD3540F,High,99.96629634600185
2025-11-15T23:38:28.970073,Anjali Gupta,PAN,RKDPG6955Q,High,99.99402756682377
2025-11-15T23:38:28.973231,Karan Sharma,PAN,TWTPS6486V,High,99.99440809102083
2025-11-15T23:38:28.976899,Sneha Das,PAN,XCZPD9938P,High,99.9805109935792
2025-11-15T23:38:28.980507,Sonia Mehta,PAN,ZNVPM7078H,High,99.99094473358996
2025-11-15T23:38:28.984929,Vikram Gupta,PAN,GQQPG0223P,High,99.99509795410096
2025-11-15T23:38:28.988951,Neha Gupta,PAN,SHTPG2631U,High,99.98533665495658
2025-11-15T23:38:28.992127,Neha Chopra,PAN,BQWPC7257K,High,99.99094473358996
2025-11-15T23:38:28.995198,Nisha Das,PAN,PEUPD9589K,High,99.9805109935792
2025-11-15T23:38:28.999299,Ritu Patel,PAN,QVZPP6620R,High,99.9871454998302
2025-11-15T23:38:29.003556,Priya Patel,PAN,YQZPP4677U,High,99.99152165900936
2025-11-15T23:38:29.007067,Vikram Kapoor,PAN,LWCPK6816X,High,99.99606090179691
2025-11-15T23:38:29.010381,Arjun Verma,PAN,MIZPV9608I,High,99.99094473358996
2025-11-15T23:38:29.013515,Rohan Patel,PAN,EIOPP6553U,High,99.99152165900936
2025-11-15T23:38:29.018582,Arjun Kapoor,PAN,JPNPK1777D,High,99.99476437198591
2025-11-15T23:38:29.022073,Kavita Gupta,PAN,JCRPG1105S,High,99.99402756682377
2025-11-15T23:38:29.025202,Nisha Mehta,PAN,UNUPM8365Q,High,99.99094473358996
2025-11-15T23:38:29.028838,Priya Gupta,PAN,WHFPG9208R,High,99.99032855394069
2025-11-15T23:38:29.112439,Amit Sharma,PAN,TQRPS7339P,High,99.99152165900936
2025-11-15T23:38:29.118289,Vikram Kapoor,PAN,YNSPK6625W,High,99.99606090179691
2025-11-15T23:38:29.121633,Rahul Mehta,PAN,WXSPM5503E,High,99.99094473358996
2025-11-15T23:38:29.124828,Ritu Das,PAN,VQDPD7489K,High,99.96844316377182
2025-11-15T23:38:29.128864,Amit Mehta,PAN,MWCPM6617U,High,99.9871454998302
2025-11-15T23:38:29.133473,Rohan Das,PAN,ECNPD4910Y,High,99.97776876940681
2025-11-15T23:38:29.136821,Deepak Kapoor,PAN,GENPK9383A,High,99.99606090179691
2025-11-15T23:38:29.140908,Rakesh Gupta,PAN,EOMPG7501N,High,99.99362114996143
2025-11-15T23:38:29.144958,Rahul Verma,PAN,BNYPV8652Y,High,99.99094473358996
2025-11-15T23:38:29.150274,Manish Verma,PAN,MWFPV5310N,High,99.99362114996143
2025-11-15T23:38:29.153691,Meera Patel,PAN,QJRPP3043N,High,99.99152165900936
2025-11-15T23:38:29.156650,Anjali Singh,PAN,IALPS7497S,High,99.99440809102083
2025-11-15T23:38:29.159114,Manish Gupta,PAN,KFKPG2877M,High,99.99440809102083
2025-11-15T23:38:29.161746,Priya Sharma,PAN,FZZPS1701J,High,99.99440809102083
2025-11-15T23:38:29.166513,Sanjay Mehta,PAN,PFJPM7297J,High,99.99476437198591
2025-11-15T23:38:29.169797,Karan Kapoor,PAN,UKYPK7788N,High,99.99476437198591
2025-11-15T23:38:29.173221,Meera Kapoor,PAN,ECEPK4653C,High,99.99440809102083
2025-11-15T23:38:29.176126,Sanjay Gupta,PAN,UKDPG6959S,High,99.99402756682377
2025-11-15T23:38:29.178824,Anjali Mehta,PAN,JHPPM2535Y,High,99.99440809102083
2025-11-15T23:38:29.183938,Rahul Chopra,PAN,SDWPC0059E,High,99.99402756682377
2025-11-15T23:38:29.186541,Ritu Kapoor,PAN,YUEPK8537F,High,99.99032855394069
2025-11-15T23:38:29.189411,Karan Chopra,PAN,MRRPC4860I,High,99.99402756682377
2025-11-15T23:38:29.192165,Nisha Reddy,PAN,LFHPR6645B,High,99.99094473358996
2025-11-15T23:38:29.195501,Ritu Kapoor,PAN,ZSUPK3318G,High,99.99094473358996
2025-11-15T23:38:29.201697,Nisha Reddy,PAN,ZDCPR9992N,High,99.99152165900936
2025-11-15T23:38:29.205804,Karan Singh,PAN,MVMPS4688O,High,99.99152165900936
2025-11-15T23:38:29.209514,Amit Verma,PAN,YSNPV7965W,High,99.98533665495658
2025-11-15T23:38:29.213302,Deepak Chopra,PAN,FLOPC3265R,High,99.99579284510142
2025-11-15T23:38:29.217964,Kavita Sharma,PAN,NBKPS5333M,High,99.99631188002883
2025-11-15T23:38:29.221642,Neha Sharma,PAN,FCZPS4403G,High,99.99094473358996
2025-11-15T23:38:29.224496,Karan Sharma,PAN,XKZPS7190C,High,99.99362114996143
2025-11-15T23:38:29.226969,Sneha Das,PAN,QWCPD0642I,High,99.97776876940681
2025-11-15T23:38:29.229820,Manish Patel,PAN,TJPPP8187C,High,99.99476437198591
2025-11-15T23:38:29.233650,Nisha Patel,PAN,QAIPP1543D,High,99.99094473358996
2025-11-15T23:38:29.236542,Rohan Mehta,PAN,OMGPM3437Z,High,99.99152165900936
2025-11-15T23:38:29.239493,Manish Patel,PAN,GJQPP0439Z,High,99.99402756682377
2025-11-15T23:38:29.242305,Meera Gupta,PAN,QZSPG8995X,High,99.99094473358996
2025-11-15T23:38:29.244776,Rohan Reddy,PAN,LCZPR5780F,High,99.99032855394069
2025-11-15T23:38:29.249532,Rakesh Das,PAN,UMOPD3637M,High,99.9871454998302
2025-11-15T23:38:29.253136,Kavita Patel,PAN,ZEKPP5971A,High,99.99402756682377
2025-11-15T23:38:29.256259,Meera Verma,PAN,KYRPV2316L,High,99.99032855394069
2025-11-15T23:38:29.258518,Manish Kapoor,PAN,WYMPK7124U,High,99.99579284510142
2025-11-15T23:38:29.261048,Vikram Chopra,PAN,WZMPC9084V,High,99.99579284510142
2025-11-15T23:38:29.263876,Sanjay Verma,PAN,EXXPV5982C,High,99.99402756682377
2025-11-15T23:38:29.266826,Meera Chopra,PAN,ZXAPC0728N,High,99.99362114996143
2025-11-15T23:38:29.270363,Pooja Das,PAN,CSNPD8127Q,High,99.97776876940681
2025-11-15T23:38:29.273237,Meera Mehta,PAN,GOOPM7801M,High,99.99152165900936
2025-11-15T23:38:29.275999,Nisha Reddy,PAN,YAYPR7772U,High,99.99206183051116
2025-11-15T23:38:29.278559,Rohan Singh,PAN,GDJPS1446X,High,99.99094473358996
2025-11-15T23:38:29.281203,Sonia Mehta,PAN,LQRPM8709S,High,99.99032855394069
2025-11-15T23:38:29.285494,Deepak Chopra,PAN,NKLPC6067D,High,99.99606090179691
2025-11-15T23:38:29.288056,Anjali Kapoor,PAN,WWYPK0803X,High,99.99631188002883
2025-11-15T23:38:29.290370,Rohan Mehta,PAN,DHLPM5980K,High,99.99032855394069
2025-11-15T23:38:29.293445,Pooja Patel,PAN,DGLPP3171N,High,99.99152165900936
2025-11-15T23:38:29.296363,Kavita Mehta,PAN,GRPPM2508Y,High,99.99402756682377
2025-11-15T23:38:29.301490,Amit Kapoor,PAN,WWCPK6523W,High,99.99152165900936
2025-11-15T23:38:29.308381,Arjun Reddy,PAN,WLHPR3813X,High,99.99094473358996
2025-11-15T23:38:29.312429,Sneha Verma,PAN,ASJPV6173J,High,99.99094473358996
2025-11-15T23:38:29.317564,Anjali Sharma,PAN,AVUPS2039W,High,99.99579284510142
2025-11-15T23:38:29.321569,Rohan Das,PAN,BESPD4149J,High,99.97918498170209
2025-11-15T23:38:29.325620,Amit Sharma,PAN,UMTPS0678B,High,99.99032855394069
2025-11-15T23:38:29.329832,Kavita Patel,PAN,MDJPP5430X,High,99.99402756682377
2025-11-15T23:38:29.334956,Kavita Kapoor,PAN,MJEPK0215C,High,99.99579284510142
2025-11-15T23:38:29.337748,Vikram Mehta,PAN,IUCPM2076F,High,99.99362114996143
2025-11-15T23:38:29.340711,Ritu Sharma,PAN,NNQPS9787P,High,99.99206183051116
2025-11-15T23:38:29.343405,Arjun Gupta,PAN,LPTPG5023H,High,99.99094473358996
2025-11-15T23:38:29.346253,Nisha Gupta,PAN,QTIPG6523C,High,99.99032855394069
2025-11-15T23:38:29.350437,Sonia Gupta,PAN,CKZPG5518V,High,99.99094473358996
2025-11-15T23:38:29.354305,Vikram Patel,PAN,YBOPP4187C,High,99.99402756682377
2025-11-15T23:38:29.357654,Deepak Mehta,PAN,NLWPM3741M,High,99.99402756682377
2025-11-15T23:38:29.360823,Sneha Singh,PAN,YKYPS1698X,High,99.99094473358996
2025-11-15T23:38:29.363808,Neha Das,PAN,BFQPD9619U,High,99.96844316377182
2025-11-15T23:38:29.368024,Deepak Reddy,PAN,UOEPR9346C,High,99.99362114996143
2025-11-15T23:38:29.372292,Rohan Kapoor,PAN,LRHPK4734P,High,99.99440809102083
2025-11-15T23:38:29.375600,Kavita Singh,PAN,HIFPS3681T,High,99.99362114996143
2025-11-15T23:38:29.379111,Meera Gupta,PAN,AMKPG1562A,High,99.99094473358996
2025-11-15T23:38:29.385812,Rohan Kapoor,PAN,BGYPK2524O,High,99.99402756682377
2025-11-15T23:38:29.390447,Manish Chopra,PAN,AOAPC1486C,High,99.99631188002883
2025-11-15T23:38:29.393812,Rakesh Mehta,PAN,KGTPM3340W,High,99.99402756682377
2025-11-15T23:38:29.396717,Ritu Reddy,PAN,XWPPR1266F,High,99.9871454998302
2025-11-15T23:38:29.401933,Nisha Chopra,PAN,VRMPC4811C,High,99.99440809102083
2025-11-15T23:38:29.405235,Pooja Singh,PAN,FDCPS1894Q,High,99.99032855394069
2025-11-15T23:38:29.408197,Rahul Patel,PAN,FWPPP5798M,High,99.99152165900936
2025-11-15T23:38:29.411220,Sanjay Singh,PAN,OFPPS9090G,High,99.99476437198591
2025-11-15T23:38:29.414088,Manish Mehta,PAN,JOSPM1087X,High,99.99362114996143
2025-11-15T23:38:29.418527,Amit Singh,PAN,BLAPS3776J,High,99.98627083092295
2025-11-15T23:38:29.421530,Priya Kapoor,PAN,ZTGPK7586V,High,99.99362114996143
2025-11-15T23:38:29.424752,Anjali Kapoor,PAN,RRLPK4207V,High,99.99606090179691
2025-11-15T23:38:29.428248,Arjun Chopra,PAN,CEPPC5209Y,High,99.99440809102083
2025-11-15T23:38:29.431653,Karan Verma,PAN,WNPPV9426X,High,99.99094473358996
2025-11-15T23:38:29.435638,Ritu Gupta,PAN,AZUPG9855W,High,99.98627083092295
2025-11-15T23:38:29.438738,Manish Singh,PAN,QFLPS5227S,High,99.99440809102083
2025-11-15T23:38:29.441729,Kavita Reddy,PAN,LTJPR7276K,High,99.99402756682377
2025-11-15T23:38:29.444518,Priya Chopra,PAN,QVNPC7011U,High,99.99402756682377
2025-11-15T23:38:29.447592,Kavita Singh,PAN,KHQPS9833B,High,99.99402756682377
2025-11-15T23:38:29.452104,Kavita Kapoor,PAN,CUOPK6343T,High,99.99606090179691
2025-11-15T23:38:29.454971,Deepak Gupta,PAN,FHTPG5890Q,High,99.99362114996143
2025-11-15T23:38:29.457660,Karan Mehta,PAN,ABMPM9571L,High,99.99094473358996
2025-11-15T23:38:29.460992,Kavita Das,PAN,MWTPD3861M,High,99.98627083092295
2025-11-15T23:38:29.464006,Sneha Reddy,PAN,UHXPR3645E,High,99.99032855394069
2025-11-15T23:38:29.469835,Neha Chopra,PAN,XBBPC8263R,High,99.99094473358996
2025-11-15T23:38:29.473591,Neha Gupta,PAN,VUQPG8847U,High,99.9871454998302
2025-11-15T23:38:29.476672,Rakesh Reddy,PAN,VMVPR4150V,High,99.99440809102083
2025-11-15T23:38:29.479437,Pooja Gupta,PAN,VDEPG9820V,High,99.99094473358996
2025-11-15T23:38:29.483281,Deepak Reddy,PAN,XXHPR6895U,High,99.99402756682377
2025-11-15T23:38:29.486680,Nisha Kapoor,PAN,CACPK6271C,High,99.99440809102083
2025-11-15T23:38:29.490174,Deepak Chopra,PAN,STFPC7534Y,High,99.99579284510142
2025-11-15T23:38:29.493337,Ritu Kapoor,PAN,FXRPK9965J,High,99.99094473358996
2025-11-15T23:38:29.496723,Rohan Chopra,PAN,JIJPC6683W,High,99.99440809102083
2025-11-15T23:38:29.500836,Kavita Mehta,PAN,QCNPM4077E,High,99.99402756682377
2025-11-15T23:38:29.504094,Nisha Sharma,PAN,FPAPS5588C,High,99.99476437198591
2025-11-15T23:38:29.507480,Deepak Gupta,PAN,MWAPG5609G,High,99.99402756682377
2025-11-15T23:38:29.510674,Deepak Sharma,PAN,FPSPS7294L,High,99.99631188002883
2025-11-15T23:38:29.513831,Meera Verma,PAN,UGAPV4672E,High,99.99032855394069
2025-11-15T23:38:29.517958,Kavita Das,PAN,LCEPD1678Z,High,99.98533665495658
2025-11-15T23:38:29.520956,Sanjay Reddy,PAN,NHCPR9261U,High,99.99362114996143
2025-11-15T23:38:29.524172,Priya Das,PAN,JRBPD4093X,High,99.97776876940681
2025-11-15T23:38:29.527299,Sanjay Mehta,PAN,MHAPM9641S,High,99.99402756682377
2025-11-15T23:38:29.530186,Deepak Gupta,PAN,KYIPG4274K,High,99.99440809102083
2025-11-15T23:38:29.534890,Manish Singh,PAN,TGMPS5265E,High,99.99402756682377
2025-11-15T23:38:29.537848,Arjun Kapoor,PAN,VZGPK3411K,High,99.99440809102083
2025-11-15T23:38:29.541337,Sanjay Sharma,PAN,MGAPS6460P,High,99.99631188002883
2025-11-15T23:38:29.545025,Deepak Gupta,PAN,EUNPG8810X,High,99.99402756682377
2025-11-15T23:38:29.549648,Deepak Sharma,PAN,SCAPS2626X,High,99.99654686782475
2025-11-15T23:38:29.553597,Pooja Verma,PAN,ZRQPV4788P,High,99.99152165900936
2025-11-15T23:38:29.556654,Kavita Gupta,PAN,ZBMPG3269X,High,99.99362114996143
2025-11-15T23:38:29.559411,Rahul Singh,PAN,TKKPS7854V,High,99.99094473358996
2025-11-15T23:38:29.562404,Ritu Patel,PAN,BURPP8126A,High,99.98627083092295
2025-11-15T23:38:29.567020,Kavita Patel,PAN,FASPP0237H,High,99.99402756682377
2025-11-15T23:38:29.570838,Vikram Chopra,PAN,EHMPC6842D,High,99.99579284510142
2025-11-15T23:38:29.573863,Pooja Reddy,PAN,EILPR2214E,High,99.99152165900936
2025-11-15T23:38:29.577419,Arjun Reddy,PAN,LMYPR9089E,High,99.99094473358996
2025-11-15T23:38:29.580599,Amit Das,PAN,GTLPD8814T,High,99.97045327635485
2025-11-15T23:38:29.586304,Sneha Das,PAN,PNTPD2767C,High,99.9805109935792
2025-11-15T23:38:29.589263,Amit Verma,PAN,CAIPV5999X,High,99.9871454998302
2025-11-15T23:38:29.593070,Anjali Verma,PAN,JUGPV6470U,High,99.99402756682377
2025-11-15T23:38:29.596470,Rohan Gupta,PAN,RDTPG4867I,High,99.99032855394069
2025-11-15T23:38:29.600552,Amit Das,PAN,WSDPD6615T,High,99.97045327635485
2025-11-15T23:38:29.604376,Ritu Verma,PAN,OKVPV2140N,High,99.98627083092295
2025-11-15T23:38:29.607301,Deepak Patel,PAN,KRVPP4769R,High,99.99440809102083
2025-11-15T23:38:29.610065,Sanjay Patel,PAN,ASIPP5752Y,High,99.99440809102083
2025-11-15T23:38:29.612691,Amit Mehta,PAN,UYTPM7577U,High,99.98796445133729
2025-11-15T23:38:29.617066,Neha Verma,PAN,SBNPV8169T,High,99.98533665495658
2025-11-15T23:38:29.620455,Ritu Das,PAN,KFJPD5229U,High,99.96844316377182
2025-11-15T23:38:29.623306,Sonia Gupta,PAN,QQIPG5071C,High,99.99094473358996
2025-11-15T23:38:29.626403,Sneha Sharma,PAN,SEMPS7179U,High,99.99440809102083
2025-11-15T23:38:29.629330,Amit Sharma,PAN,AXXPS7073J,High,99.99152165900936
2025-11-15T23:38:29.634106,Vikram Chopra,PAN,PZDPC8298S,High,99.99631188002883
2025-11-15T23:38:29.637140,Deepak Verma,PAN,AGKPV2215D,High,99.99402756682377
2025-11-15T23:38:29.639976,Arjun Patel,PAN,BIIPP8442X,High,99.99206183051116
2025-11-15T23:38:29.643321,Ritu Kapoor,PAN,SLHPK1193B,High,99.99094473358996
2025-11-15T23:38:29.645870,Rahul Gupta,PAN,VGKPG7622K,High,99.99206183051116
2025-11-15T23:38:29.649760,Priya Kapoor,PAN,FJNPK7205P,High,99.99402756682377
2025-11-15T23:38:29.653305,Nisha Singh,PAN,TUCPS2599A,High,99.99094473358996
2025-11-15T23:38:29.656047,Sneha Gupta,PAN,ELDPG5448K,High,99.99094473358996
2025-11-15T23:38:29.658593,Neha Singh,PAN,YLBPS9172G,High,99.98533665495658
2025-11-15T23:38:29.661469,Amit Mehta,PAN,VFBPM2633N,High,99.98627083092295
2025-11-15T23:38:29.664124,Kavita Reddy,PAN,VSNPR0001U,High,99.99440809102083
2025-11-15T23:38:29.668397,Manish Singh,PAN,KVSPS8008I,High,99.99476437198591
2025-11-15T23:38:29.671650,Vikram Singh,PAN,JODPS4165C,High,99.99362114996143
2025-11-15T23:38:29.674335,Kavita Patel,PAN,ZWIPP5130J,High,99.99402756682377
2025-11-15T23:38:29.676809,Anjali Chopra,PAN,GTIPC4110F,High,99.99606090179691
2025-11-15T23:38:29.679512,Vikram Gupta,PAN,MKMPG2978I,High,99.99402756682377
2025-11-15T23:38:29.683779,Priya Mehta,PAN,GFHPM0550X,High,99.99152165900936
2025-11-15T23:38:29.687251,Vikram Kapoor,PAN,ZSNPK5645M,High,99.99606090179691
2025-11-15T23:38:29.689497,Priya Gupta,PAN,GHCPG8966W,High,99.99152165900936
2025-11-15T23:38:29.692115,Pooja Reddy,PAN,MEFPR7016N,High,99.99032855394069
2025-11-15T23:38:29.695126,Manish Chopra,PAN,WZYPC7199T,High,99.99606090179691
2025-11-15T23:38:29.698096,Amit Kapoor,PAN,MITPK6368P,High,99.99152165900936
2025-11-15T23:38:29.701689,Anjali Gupta,PAN,OZFPG4078Q,High,99.99362114996143
2025-11-15T23:38:29.704070,Neha Chopra,PAN,TOPPC5687N,High,99.99094473358996
2025-11-15T23:38:29.706141,Rahul Singh,PAN,PINPS6710Y,High,99.99094473358996
2025-11-15T23:38:29.708578,Arjun Gupta,PAN,MGYPG0981K,High,99.99094473358996
2025-11-15T23:38:29.710863,Meera Patel,PAN,CFYPP9782T,High,99.99094473358996
2025-11-15T23:38:29.713552,Anjali Verma,PAN,FVMPV0647I,High,99.99402756682377
2025-11-15T23:38:29.716974,Nisha Gupta,PAN,VKXPG8264X,High,99.99094473358996
2025-11-15T23:38:29.720613,Neha Sharma,PAN,ZCAPS0860U,High,99.99094473358996
2025-11-15T23:38:29.723770,Karan Verma,PAN,ZSPPV5515X,High,99.99206183051116
2025-11-15T23:38:29.726801,Rohan Kapoor,PAN,QMWPK8734Z,High,99.99362114996143
2025-11-15T23:38:29.731181,Meera Gupta,PAN,SAFPG7316F,High,99.99094473358996
2025-11-15T23:38:29.735052,Rakesh Singh,PAN,PPJPS2082W,High,99.99476437198591
2025-11-15T23:38:29.738396,Rakesh Reddy,PAN,IOJPR1120H,High,99.99402756682377
2025-11-15T23:38:29.741718,Sonia Kapoor,PAN,IXIPK5100A,High,99.99440809102083
2025-11-15T23:38:29.744877,Rakesh Singh,PAN,LRQPS4592F,High,99.99362114996143
2025-11-15T23:38:29.749676,Ritu Sharma,PAN,WYRPS0512P,High,99.99094473358996
2025-11-15T23:38:29.752944,Rahul Das,PAN,VRVPD5269R,High,99.9805109935792
2025-11-15T23:38:29.755851,Vikram Reddy,PAN,WGIPR5960V,High,99.99362114996143
2025-11-15T23:38:29.759410,Pooja Gupta,PAN,XQLPG3344H,High,99.99152165900936
2025-11-15T23:38:29.762174,Deepak Kapoor,PAN,BVWPK4251T,High,99.99579284510142
2025-11-15T23:38:29.765660,Rohan Patel,PAN,DXSPP2238R,High,99.99152165900936
2025-11-15T23:38:29.768611,Deepak Kapoor,PAN,BHVPK7935V,High,99.99606090179691
2025-11-15T23:38:29.770958,Vikram Gupta,PAN,GUJPG0870X,High,99.99440809102083
2025-11-15T23:38:29.773444,Sanjay Patel,PAN,OYEPP8412A,High,99.99402756682377
2025-11-15T23:38:29.777015,Pooja Das,PAN,XHSPD2623Y,High,99.97918498170209
2025-11-15T23:38:29.781200,Arjun Patel,PAN,WCSPP1854G,High,99.99094473358996
2025-11-15T23:38:29.785752,Anjali Mehta,PAN,GWNPM9770D,High,99.99402756682377
2025-11-15T23:38:29.789898,Karan Singh,PAN,EDIPS1421C,High,99.99094473358996
2025-11-15T23:38:29.793427,Sanjay Reddy,PAN,BGGPR8895K,High,99.99440809102083
2025-11-15T23:38:29.798963,Deepak Patel,PAN,SVDPP4270V,High,99.99440809102083
2025-11-15T23:38:29.802253,Sanjay Gupta,PAN,FOEPG4452O,High,99.99440809102083
2025-11-15T23:38:29.806419,Manish Verma,PAN,UCIPV5701J,High,99.99362114996143
2025-11-15T23:38:29.810317,Amit Verma,PAN,UZKPV1689J,High,99.98533665495658
2025-11-15T23:38:29.813043,Rahul Patel,PAN,VQPPP6445V,High,99.99256758919998
2025-11-15T23:38:29.819930,Rohan Das,PAN,CXSPD1999Q,High,99.9805109935792
2025-11-15T23:38:29.823953,Rakesh Gupta,PAN,NFOPG9543H,High,99.99362114996143
2025-11-15T23:38:29.828026,Kavita Singh,PAN,XOLPS7861G,High,99.99362114996143
2025-11-15T23:38:29.835084,Rohan Verma,PAN,RHKPV8081S,High,99.99094473358996
2025-11-15T23:38:29.840839,Arjun Reddy,PAN,MNXPR2201J,High,99.99094473358996
2025-11-15T23:38:29.845829,Rohan Reddy,PAN,YLVPR9983N,High,99.99094473358996
2025-11-15T23:38:29.851551,Nisha Das,PAN,ZAVPD6928C,High,99.97776876940681
2025-11-15T23:38:29.857017,Sanjay Verma,PAN,DBZPV1724F,High,99.99362114996143
2025-11-15T23:38:29.861721,Kavita Mehta,PAN,KNNPM1014F,High,99.99440809102083
2025-11-15T23:38:29.867800,Karan Singh,PAN,FZQPS3975S,High,99.99094473358996
2025-11-15T23:38:29.872272,Deepak Chopra,PAN,NIBPC5034E,High,99.99579284510142
2025-11-15T23:38:29.875374,Sonia Singh,PAN,DOCPS1345P,High,99.99094473358996
2025-11-15T23:38:29.878396,Ritu Gupta,PAN,TVFPG9491A,High,99.98627083092295
2025-11-15T23:38:29.882820,Sneha Kapoor,PAN,UPOPK2458T,High,99.99402756682377
2025-11-15T23:38:29.886859,Neha Kapoor,PAN,BSCPK1347O,High,99.99032855394069
2025-11-15T23:38:29.891116,Arjun Reddy,PAN,RXCPR5344H,High,99.99152165900936
2025-11-15T23:38:29.894560,Deepak Patel,PAN,LUZPP8940Q,High,99.99402756682377
2025-11-15T23:38:29.899515,Manish Patel,PAN,GEHPP8672V,High,99.99402756682377
2025-11-15T23:38:29.903734,Meera Singh,PAN,XZCPS1390F,High,99.99032855394069
2025-11-15T23:38:29.907479,Rahul Gupta,PAN,WXIPG9644Z,High,99.99094473358996
2025-11-15T23:38:29.912217,Deepak Patel,PAN,ZGUPP1864G,High,99.99440809102083
2025-11-15T23:38:29.917620,Karan Singh,PAN,XOLPS0896A,High,99.99032855394069
2025-11-15T23:38:29.923173,Amit Singh,PAN,HWLPS8887F,High,99.9871454998302
2025-11-15T23:38:29.928336,Anjali Singh,PAN,RBRPS0042I,High,99.99440809102083
2025-11-15T23:38:29.933445,Ritu Gupta,PAN,LGHPG3563Y,High,99.9871454998302
2025-11-15T23:38:29.936429,Manish Kapoor,PAN,WWVPK6731L,High,99.99606090179691
2025-11-15T23:38:29.940921,Nisha Mehta,PAN,OUPPM1983G,High,99.99094473358996
2025-11-15T23:38:29.944825,Manish Singh,PAN,NSGPS4933N,High,99.99476437198591
2025-11-15T23:38:29.950151,Vikram Patel,PAN,DWBPP8052Y,High,99.99402756682377
2025-11-15T23:38:29.955599,Anjali Mehta,PAN,ORNPM1131V,High,99.99440809102083
2025-11-15T23:38:29.960250,Pooja Gupta,PAN,YPNPG8657Y,High,99.99152165900936
2025-11-15T23:38:29.964989,Sneha Kapoor,PAN,OTMPK7608E,High,99.99362114996143
2025-11-15T23:38:29.969209,Priya Patel,PAN,HSFPP5330K,High,99.99152165900936
2025-11-15T23:38:29.974827,Neha Kapoor,PAN,OQMPK9634X,High,99.99032855394069
2025-11-15T23:38:29.979805,Priya Reddy,PAN,BMNPR7015J,High,99.99032855394069
2025-11-15T23:38:29.985141,Nisha Sharma,PAN,HWQPS8539P,High,99.99402756682377
2025-11-15T23:38:29.990338,Sneha Reddy,PAN,IHSPR8395M,High,99.99032855394069
2025-11-15T23:38:29.996296,Neha Kapoor,PAN,ZWZPK9821J,High,99.99094473358996
2025-11-15T23:38:30.001271,Pooja Verma,PAN,QVOPV2270E,High,99.99152165900936
2025-11-15T23:38:30.006610,Amit Sharma,PAN,ORLPS2203M,High,99.99094473358996
2025-11-15T23:38:30.011807,Sneha Mehta,PAN,FPFPM0151G,High,99.99206183051116
2025-11-15T23:38:30.017869,Priya Singh,PAN,LJKPS1145V,High,99.99094473358996
2025-11-15T23:38:30.023354,Arjun Verma,PAN,RMTPV7648X,High,99.99032855394069
2025-11-15T23:38:30.028925,Anjali Singh,PAN,DJKPS5352J,High,99.99440809102083
2025-11-15T23:38:30.033913,Anjali Sharma,PAN,KTLPS5360I,High,99.99579284510142
2025-11-15T23:38:30.039168,Karan Mehta,PAN,BOQPM1513V,High,99.99094473358996
2025-11-15T23:38:30.044518,Sonia Das,PAN,UKJPD9822K,High,99.9805109935792
2025-11-15T23:38:30.050358,Sanjay Sharma,PAN,QLZPS9861Z,High,99.99606090179691
2025-11-15T23:38:30.054846,Sneha Gupta,PAN,WBNPG1240P,High,99.99094473358996
2025-11-15T23:38:30.058321,Karan Reddy,PAN,HDQPR7343M,High,99.99094473358996
2025-11-15T23:38:30.062715,Karan Patel,PAN,AMNPP3633M,High,99.99256758919998
2025-11-15T23:38:30.066804,Meera Reddy,PAN,CLDPR4483B,High,99.99094473358996
2025-11-15T23:38:30.070830,Meera Patel,PAN,XSJPP9525Z,High,99.99152165900936
2025-11-15T23:38:30.075739,Kavita Singh,PAN,FKFPS0686A,High,99.99440809102083
2025-11-15T23:38:30.080222,Kavita Das,PAN,BPGPD5422I,High,99.9871454998302
2025-11-15T23:38:30.084843,Meera Verma,PAN,HIFPV7055C,High,99.99094473358996
2025-11-15T23:38:30.089188,Sonia Kapoor,PAN,WCNPK0195R,High,99.99362114996143
2025-11-15T23:38:30.093408,Sneha Mehta,PAN,TWFPM4325I,High,99.99032855394069
2025-11-15T23:38:30.097012,Rakesh Kapoor,PAN,DATPK3268Y,High,99.99579284510142
2025-11-15T23:38:30.101362,Pooja Chopra,PAN,ZBGPC4274A,High,99.99402756682377
2025-11-15T23:38:30.105395,Sneha Singh,PAN,DLOPS9332W,High,99.99094473358996
2025-11-15T23:38:30.108900,Priya Mehta,PAN,NCQPM4583B,High,99.99032855394069
2025-11-15T23:38:30.112385,Karan Kapoor,PAN,BXEPK4373A,High,99.99402756682377
2025-11-15T23:38:30.119355,Rahul Das,PAN,YVDPD2787T,High,99.9805109935792
2025-11-15T23:38:30.124143,Rohan Reddy,PAN,JPZPR4726Y,High,99.99094473358996
2025-11-15T23:38:30.128836,Karan Patel,PAN,CHZPP3116Y,High,99.99152165900936
2025-11-15T23:38:30.134061,Rohan Verma,PAN,JQIPV2009P,High,99.99152165900936
2025-11-15T23:38:30.138986,Sanjay Reddy,PAN,VABPR9183Z,High,99.99362114996143
2025-11-15T23:38:30.144029,Arjun Gupta,PAN,NVFPG6766E,High,99.99152165900936
2025-11-15T23:38:30.149667,Deepak Patel,PAN,CKZPP6657D,High,99.99440809102083
2025-11-15T23:38:30.155801,Deepak Verma,PAN,WQFPV2374S,High,99.99362114996143
2025-11-15T23:38:30.163789,Rakesh Reddy,PAN,CXBPR0529A,High,99.99362114996143
2025-11-15T23:38:30.170556,Sanjay Mehta,PAN,JTPPM1862M,High,99.99440809102083
2025-11-15T23:38:30.175780,Amit Chopra,PAN,FAMPC6280K,High,99.99032855394069
2025-11-15T23:38:30.181598,Amit Chopra,PAN,GUWPC1819P,High,99.99152165900936
2025-11-15T23:38:30.186383,Anjali Sharma,PAN,PKHPS0778I,High,99.99631188002883
2025-11-15T23:38:30.192544,Rahul Chopra,PAN,YVEPC4887B,High,99.99402756682377
2025-11-15T23:38:30.197447,Anjali Reddy,PAN,CQVPR1126C,High,99.99440809102083
2025-11-15T23:38:30.202172,Sanjay Mehta,PAN,XCNPM2292F,High,99.99440809102083
2025-11-15T23:38:30.207067,Neha Sharma,PAN,QVJPS8495F,High,99.99032855394069
2025-11-15T23:38:30.212405,Kavita Das,PAN,ZZXPD0786A,High,99.98627083092295
2025-11-15T23:38:30.216863,Deepak Gupta,PAN,GIVPG5128F,High,99.99402756682377
2025-11-15T23:38:30.221843,Karan Patel,PAN,YMDPP3533I,High,99.99206183051116
2025-11-15T23:38:30.227674,Ritu Singh,PAN,LLGPS7100E,High,99.9871454998302
2025-11-15T23:38:30.232843,Nisha Verma,PAN,YRCPV2557Q,High,99.99094473358996
2025-11-15T23:38:30.236167,Karan Verma,PAN,PDKPV4432T,High,99.99152165900936
2025-11-15T23:38:30.241537,Pooja Sharma,PAN,JBNPS6235F,High,99.99362114996143
2025-11-15T23:38:30.245924,Sanjay Verma,PAN,NKEPV3001I,High,99.99402756682377
2025-11-15T23:38:30.250193,Sanjay Sharma,PAN,JHFPS8254U,High,99.99579284510142
2025-11-15T23:38:30.256911,Kavita Das,PAN,SDFPD2142C,High,99.9871454998302
2025-11-15T23:38:30.261924,Ritu Verma,PAN,DLVPV7520G,High,99.98627083092295
2025-11-15T23:38:30.266635,Manish Mehta,PAN,SISPM8999D,High,99.99476437198591
2025-11-15T23:38:30.269743,Priya Singh,PAN,QFGPS4539Q,High,99.99094473358996
2025-11-15T23:38:30.273634,Manish Sharma,PAN,IGWPS1842M,High,99.99579284510142
2025-11-15T23:38:30.278372,Manish Singh,PAN,IOBPS2905L,High,99.99362114996143
2025-11-15T23:38:30.282281,Priya Patel,PAN,AULPP4125Y,High,99.99094473358996
2025-11-15T23:38:30.286270,Kavita Das,PAN,NPUPD6915O,High,99.98627083092295
2025-11-15T23:38:30.290567,Anjali Patel,PAN,UEUPP4849I,High,99.99476437198591
2025-11-15T23:38:30.294280,Priya Chopra,PAN,KKMPC3750M,High,99.99440809102083
2025-11-15T23:38:30.297624,Deepak Kapoor,PAN,DVLPK6520K,High,99.99606090179691
2025-11-15T23:38:30.301474,Deepak Reddy,PAN,AZLPR9357V,High,99.99362114996143
2025-11-15T23:38:30.305650,Deepak Kapoor,PAN,BIBPK9568S,High,99.99606090179691
2025-11-15T23:38:30.309210,Neha Chopra,PAN,BFXPC1276K,High,99.99032855394069
2025-11-15T23:38:30.312700,Karan Singh,PAN,CACPS7063Q,High,99.99094473358996
2025-11-15T23:38:30.317906,Sonia Patel,PAN,HSLPP2322L,High,99.99256758919998
2025-11-15T23:38:30.322166,Ritu Das,PAN,BJTPD3513W,High,99.96844316377182
2025-11-15T23:38:30.325863,Sneha Sharma,PAN,DKSPS1023I,High,99.99402756682377
2025-11-15T23:38:30.329095,Deepak Patel,PAN,NLUPP1882N,High,99.99476437198591
2025-11-15T23:38:30.333864,Nisha Das,PAN,VDSPD6862M,High,99.9805109935792
2025-11-15T23:38:30.337385,Manish Gupta,PAN,VEXPG3031L,High,99.99402756682377
2025-11-15T23:38:30.340654,Amit Chopra,PAN,GIAPC5518M,High,99.99094473358996
2025-11-15T23:38:30.344552,Ritu Kapoor,PAN,UVDPK2709J,High,99.99032855394069
2025-11-15T23:38:30.350188,Anjali Singh,PAN,WOVPS1409C,High,99.99362114996143
2025-11-15T23:38:30.355400,Sneha Das,PAN,OTBPD6770M,High,99.97918498170209
2025-11-15T23:38:30.360184,Rakesh Chopra,PAN,ASPPC5063K,High,99.99606090179691
2025-11-15T23:38:30.366228,Pooja Kapoor,PAN,FFUPK2487E,High,99.99402756682377
2025-11-15T23:38:30.370816,Neha Singh,PAN,CWLPS1634K,High,99.98533665495658
2025-11-15T23:38:30.375520,Deepak Das,PAN,ISJPD7703N,High,99.98627083092295
2025-11-15T23:38:30.380155,Nisha Singh,PAN,TUKPS3847B,High,99.99032855394069
2025-11-15T23:38:30.385233,Manish Patel,PAN,GMJPP1948N,High,99.99402756682377
2025-11-15T23:38:30.388588,Vikram Patel,PAN,AVMPP2947E,High,99.99402756682377
2025-11-15T23:38:30.391933,Sanjay Das,PAN,IYWPD1805I,High,99.98627083092295
2025-11-15T23:38:30.396139,Sanjay Gupta,PAN,DPAPG5238F,High,99.99402756682377
2025-11-15T23:38:30.402284,Sanjay Das,PAN,PBLPD3047C,High,99.98627083092295
2025-11-15T23:38:30.406613,Meera Das,PAN,PZIPD0599L,High,99.9805109935792
2025-11-15T23:38:30.410884,Amit Sharma,PAN,XXOPS6636E,High,99.99206183051116
2025-11-15T23:38:30.415456,Rakesh Sharma,PAN,SVIPS4829K,High,99.99606090179691
2025-11-15T23:38:30.419650,Ritu Patel,PAN,FXQPP1388M,High,99.9871454998302
2025-11-15T23:38:30.424235,Ritu Sharma,PAN,LCVPS3465X,High,99.99032855394069
2025-11-15T23:38:30.427714,Arjun Gupta,PAN,OZPPG2089A,High,99.99094473358996
2025-11-15T23:38:30.431893,Rahul Singh,PAN,PLIPS9578U,High,99.99094473358996
2025-11-15T23:38:30.435473,Sanjay Sharma,PAN,BPFPS3048C,High,99.99606090179691
2025-11-15T23:38:30.439694,Pooja Kapoor,PAN,FXLPK3941M,High,99.99362114996143
2025-11-15T23:38:30.443511,Deepak Mehta,PAN,IPGPM2170Z,High,99.99402756682377
2025-11-15T23:38:30.447474,Amit Mehta,PAN,LWTPM9600Z,High,99.98627083092295
2025-11-15T23:38:30.452972,Sonia Das,PAN,JFOPD4056I,High,99.97776876940681
2025-11-15T23:38:30.458963,Rakesh Das,PAN,KMGPD2585D,High,99.9871454998302
2025-11-15T23:38:30.463924,Nisha Das,PAN,TTQPD4204W,High,99.9805109935792
2025-11-15T23:38:30.468221,Amit Singh,PAN,TNCPS1465K,High,99.98533665495658
2025-11-15T23:38:30.473839,Deepak Gupta,PAN,CIIPG6634N,High,99.99440809102083
2025-11-15T23:38:30.478569,Meera Gupta,PAN,PLPPG2515G,High,99.99256758919998
2025-11-15T23:38:30.483462,Nisha Mehta,PAN,IPXPM7114A,High,99.99152165900936
2025-11-15T23:38:30.487697,Neha Kapoor,PAN,OIYPK1514K,High,99.99152165900936
2025-11-15T23:38:30.493636,Nisha Singh,PAN,UDMPS6617H,High,99.99094473358996
2025-11-15T23:38:30.500405,Ritu Kapoor,PAN,BLYPK4988A,High,99.99094473358996
2025-11-15T23:38:30.506220,Sanjay Mehta,PAN,HBQPM2369G,High,99.99362114996143
2025-11-15T23:38:30.511474,Vikram Verma,PAN,JKAPV0894W,High,99.99362114996143
2025-11-15T23:38:30.516268,Meera Sharma,PAN,WLNPS6168J,High,99.99402756682377
2025-11-15T23:38:30.520599,Nisha Gupta,PAN,MQJPG8615Q,High,99.99094473358996
2025-11-15T23:38:30.526856,Nisha Singh,PAN,XTFPS9303P,High,99.99152165900936
2025-11-15T23:38:30.532839,Ritu Reddy,PAN,NREPR9273G,High,99.98627083092295
2025-11-15T23:38:30.537678,Karan Reddy,PAN,LFBPR2368U,High,99.99032855394069
2025-11-15T23:38:30.542623,Karan Reddy,PAN,XDYPR7306Y,High,99.99094473358996
2025-11-15T23:38:30.549266,Neha Patel,PAN,JBEPP8333N,High,99.98796445133729
2025-11-15T23:38:30.553253,Ritu Das,PAN,ETWPD5907K,High,99.96629634600185
2025-11-15T23:38:30.558461,Pooja Mehta,PAN,RBIPM3080C,High,99.99094473358996
2025-11-15T23:38:30.563595,Nisha Mehta,PAN,FMPPM1044B,High,99.99206183051116
2025-11-15T23:38:30.568438,Karan Mehta,PAN,FRGPM9832Z,High,99.99032855394069
2025-11-15T23:38:30.573260,Vikram Das,PAN,OAUPD7190G,High,99.98533665495658
2025-11-15T23:38:30.578555,Rakesh Das,PAN,FOIPD4225X,High,99.98627083092295
2025-11-15T23:38:30.583031,Anjali Chopra,PAN,WJCPC0565C,High,99.99654686782475
2025-11-15T23:38:30.587788,Neha Mehta,PAN,QJLPM2709E,High,99.98533665495658
2025-11-15T23:38:30.592650,Karan Kapoor,PAN,ALQPK4332O,High,99.99402756682377
2025-11-15T23:38:30.596886,Vikram Chopra,PAN,JJJPC2128D,High,99.99654686782475
2025-11-15T23:38:30.600748,Ritu Verma,PAN,WABPV7078U,High,99.98627083092295
2025-11-15T23:38:30.605674,Sonia Sharma,PAN,FIKPS9333V,High,99.99440809102083
2025-11-15T23:38:30.610034,Anjali Verma,PAN,SHRPV5449N,High,99.99402756682377
2025-11-15T23:38:30.614873,Rohan Chopra,PAN,ZUVPC3321R,High,99.99402756682377
2025-11-15T23:38:30.618996,Kavita Kapoor,PAN,HQGPK2461K,High,99.99606090179691
2025-11-15T23:38:30.623625,Rohan Chopra,PAN,VZUPC4000T,High,99.99440809102083
2025-11-15T23:38:30.627603,Sanjay Kapoor,PAN,RGUPK3565E,High,99.99606090179691
2025-11-15T23:38:30.631736,Meera Sharma,PAN,JDHPS4667N,High,99.99402756682377
2025-11-15T23:38:30.635902,Kavita Reddy,PAN,SALPR0988M,High,99.99402756682377
2025-11-15T23:38:30.640914,Sonia Sharma,PAN,OLAPS7705U,High,99.99402756682377
2025-11-15T23:38:30.645463,Manish Patel,PAN,AIMPP7289J,High,99.99402756682377
2025-11-15T23:38:30.649776,Nisha Patel,PAN,IVAPP9531P,High,99.99152165900936
2025-11-15T23:38:30.653038,Meera Verma,PAN,NGZPV7115W,High,99.99094473358996
2025-11-15T23:38:30.657516,Rakesh Das,PAN,TOJPD8785L,High,99.98627083092295
2025-11-15T23:38:30.660944,Sanjay Das,PAN,XTRPD5212S,High,99.98627083092295
2025-11-15T23:38:30.665398,Meera Chopra,PAN,PEPPC8427A,High,99.99440809102083
2025-11-15T23:38:30.668823,Sonia Patel,PAN,AXGPP0097S,High,99.99152165900936
2025-11-15T23:38:30.671534,Karan Verma,PAN,ITJPV7890M,High,99.99032855394069
2025-11-15T23:38:30.674485,Ritu Kapoor,PAN,GOTPK4857T,High,99.99094473358996
2025-11-15T23:38:30.677163,Ritu Kapoor,PAN,QDBPK3926H,High,99.99032855394069
2025-11-15T23:38:30.680191,Karan Verma,PAN,IDEPV6046X,High,99.99094473358996
2025-11-15T23:38:30.684987,Anjali Patel,PAN,URIPP8087T,High,99.99440809102083
2025-11-15T23:38:30.688796,Rohan Kapoor,PAN,KXFPK2103S,High,99.99402756682377
2025-11-15T23:38:30.692148,Pooja Das,PAN,WXVPD2916A,High,99.97776876940681
2025-11-15T23:38:30.696477,Ritu Das,PAN,WDOPD8930C,High,99.96844316377182
2025-11-15T23:38:30.700764,Ritu Patel,PAN,BHTPP7361Q,High,99.98627083092295
2025-11-15T23:38:30.705850,Rahul Verma,PAN,RNJPV1917Q,High,99.99094473358996
2025-11-15T23:38:30.710462,Arjun Kapoor,PAN,PLJPK8114X,High,99.99440809102083
2025-11-15T23:38:30.715220,Pooja Verma,PAN,ZMHPV8261Y,High,99.99032855394069
2025-11-15T23:38:30.719140,Deepak Gupta,PAN,JYPPG3263X,High,99.99440809102083
2025-11-15T23:38:30.724752,Nisha Mehta,PAN,RMPPM6235R,High,99.99206183051116
2025-11-15T23:38:30.730213,Rahul Das,PAN,PMKPD9849G,High,99.9805109935792
2025-11-15T23:38:30.735935,Arjun Reddy,PAN,OYMPR9657D,High,99.99032855394069
2025-11-15T23:38:30.741856,Anjali Chopra,PAN,PUHPC6597T,High,99.99606090179691
2025-11-15T23:38:30.747608,Kavita Kapoor,PAN,FFWPK7908B,High,99.99606090179691
2025-11-15T23:38:30.752459,Kavita Patel,PAN,GCFPP7669F,High,99.99476437198591
2025-11-15T23:38:30.757866,Sneha Patel,PAN,DYWPP6799Q,High,99.99152165900936
2025-11-15T23:38:30.763380,Neha Reddy,PAN,XFMPR9948R,High,99.9871454998302
2025-11-15T23:38:30.769854,Rohan Singh,PAN,GZLPS0041A,High,99.99094473358996
2025-11-15T23:38:30.775542,Arjun Singh,PAN,OXYPS2152H,High,99.99094473358996
2025-11-15T23:38:30.781780,Karan Kapoor,PAN,HEZPK3774P,High,99.99440809102083
2025-11-15T23:38:30.787921,Sonia Sharma,PAN,DBMPS6459K,High,99.99362114996143
2025-11-15T23:38:30.794221,Meera Kapoor,PAN,CHAPK1939A,High,99.99440809102083
2025-11-15T23:38:30.800107,Rohan Singh,PAN,ZCXPS0206A,High,99.99094473358996
2025-11-15T23:38:30.806071,Nisha Chopra,PAN,OKNPC1960L,High,99.99362114996143
2025-11-15T23:38:30.811395,Deepak Reddy,PAN,GOWPR3023T,High,99.99402756682377
2025-11-15T23:38:30.817548,Anjali Kapoor,PAN,BIRPK6773L,High,99.99606090179691
2025-11-15T23:38:30.823296,Sanjay Mehta,PAN,HBOPM1452V,High,99.99362114996143
2025-11-15T23:38:30.828469,Sneha Patel,PAN,DCCPP3024V,High,99.99152165900936
2025-11-15T23:38:30.833370,Sneha Mehta,PAN,XFBPM4646C,High,99.99152165900936
2025-11-15T23:38:30.838170,Priya Reddy,PAN,UAFPR8165C,High,99.99032855394069
2025-11-15T23:38:30.844460,Anjali Verma,PAN,CXVPV6765C,High,99.99476437198591
2025-11-15T23:38:30.850488,Rakesh Verma,PAN,DYJPV3428U,High,99.99362114996143
2025-11-15T23:38:30.855210,Rohan Gupta,PAN,IMKPG3339Q,High,99.99152165900936
2025-11-15T23:38:30.859610,Manish Gupta,PAN,DEXPG9994Y,High,99.99440809102083
2025-11-15T23:38:30.864695,Nisha Singh,PAN,VEQPS7781F,High,99.99094473358996
2025-11-15T23:38:30.868334,Rohan Gupta,PAN,CKFPG1767O,High,99.99094473358996
2025-11-15T23:38:30.873222,Sanjay Chopra,PAN,YZTPC6472Q,High,99.99579284510142
2025-11-15T23:38:30.879882,Neha Kapoor,PAN,HSQPK1884X,High,99.99094473358996
2025-11-15T23:38:30.885750,Karan Chopra,PAN,UDFPC9174Q,High,99.99362114996143
2025-11-15T23:38:30.895224,Rohan Singh,PAN,KPPPS0254V,High,99.99152165900936
2025-11-15T23:38:30.912759,Manish Mehta,PAN,QTTPM8119T,High,99.99476437198591
2025-11-15T23:38:30.936418,Karan Singh,PAN,FFKPS2837L,High,99.99094473358996
2025-11-15T23:38:30.942088,Karan Verma,PAN,BHJPV0814K,High,99.99032855394069
2025-11-15T23:38:31.015003,Neha Singh,PAN,RAEPS2362Y,High,99.98627083092295
2025-11-15T23:38:31.051457,Rohan Sharma,PAN,OATPS7224E,High,99.99402756682377
2025-11-15T23:38:31.068634,Nisha Gupta,PAN,YOSPG4470C,High,99.99094473358996
2025-11-15T23:38:31.079806,Rakesh Mehta,PAN,TNOPM8362C,High,99.99362114996143
2025-11-15T23:38:31.086305,David Winters,PASSPORT,OO3891079,High,99.43165957791159
2025-11-15T23:38:31.089775,Leah Fuller,PASSPORT,KM1290487,High,98.49896935555378
2025-11-15T23:38:31.093878,Brittany Harris,PASSPORT,YG9717296,High,99.77675866787409
2025-11-15T23:38:31.100276,James Dunn,PASSPORT,AE4464522,High,97.98694870172064
2025-11-15T23:38:31.103058,Michael Moody,PASSPORT,AT8870252,High,99.31458282002296
2025-11-15T23:38:31.105981,Matthew Adams,PASSPORT,JM3337449,High,99.35509989507474
2025-11-15T23:38:31.109598,Holly Schmidt,PASSPORT,AQ8171661,High,99.349310948584
2025-11-15T23:38:31.112822,Melinda Higgins,PASSPORT,HC7673801,High,99.76195888220863
2025-11-15T23:38:31.117418,Holly Mueller,PASSPORT,KF0344740,High,99.46688539844102
2025-11-15T23:38:31.120541,Nicholas Higgins,PASSPORT,DP2447237,High,99.87262285785945
2025-11-15T23:38:31.123381,Stephanie Lee,PASSPORT,HW6045442,High,99.42226435769797
2025-11-15T23:38:31.125985,Richard Garner,PASSPORT,UT6599004,High,99.54144539506657
2025-11-15T23:38:31.147456,Brandon Johnson,PASSPORT,MF7818206,High,99.77923188000115
2025-11-15T23:38:31.154256,Keith Fields,PASSPORT,BD8282364,High,99.22499000378832
2025-11-15T23:38:31.159304,John Scott,PASSPORT,JZ9655391,High,98.24383620726195
2025-11-15T23:38:31.163743,Tyler Martinez,PASSPORT,XJ4309800,High,99.62443388506809
2025-11-15T23:38:31.170438,Christina Mitchell,PASSPORT,PE1329430,High,99.92353176641622
2025-11-15T23:38:31.175960,Mr. Daniel Jackson DVM,PASSPORT,RL8908883,High,99.98291840812117
2025-11-15T23:38:31.179863,Christine Martinez,PASSPORT,ZF8089529,High,99.93566047459784
2025-11-15T23:38:31.183644,Bradley Jones,PASSPORT,CD9205656,High,99.31253884010972
2025-11-15T23:38:31.187365,James Hester,PASSPORT,GP3798461,High,99.02828954221089
2025-11-15T23:38:31.190127,Thomas Jackson,PASSPORT,BT0551083,High,99.66241055148191
2025-11-15T23:38:31.192499,Jason Davis,PASSPORT,NM5481152,High,98.5713757378083
2025-11-15T23:38:31.195770,Mrs. Carolyn Williams,PASSPORT,RR2091096,High,99.9786802113891
2025-11-15T23:38:31.199471,Whitney Walker,PASSPORT,EX6006122,High,99.68337993547959
2025-11-15T23:38:31.203066,Timothy Pratt,PASSPORT,EG5831880,High,99.48597187288073
2025-11-15T23:38:31.206555,Jennifer Hill,PASSPORT,RY3037051,High,99.433351405324
2025-11-15T23:38:31.209373,Brenda Roberts,PASSPORT,VK1761562,High,99.66038701737
2025-11-15T23:38:31.211897,Katie Underwood,PASSPORT,BH5982576,High,99.73673025092356
2025-11-15T23:38:31.215253,Susan Sloan,PASSPORT,FE9264721,High,98.74165959915479
2025-11-15T23:38:31.218612,Cristian Waters,PASSPORT,UR4516280,High,99.71760065176775
2025-11-15T23:38:31.221718,Jenna Davenport,PASSPORT,VO7784559,High,99.69890057542321
2025-11-15T23:38:31.224278,Peter Hall,PASSPORT,RB1573279,High,98.11273347119473
2025-11-15T23:38:31.227384,Gina Collins,PASSPORT,LI9061757,High,98.89472267448659
2025-11-15T23:38:31.229886,Suzanne Fisher,PASSPORT,BG2369610,High,99.63681702855838
2025-11-15T23:38:31.233881,Janet Riley,PASSPORT,HZ9313937,High,98.78463412147964
2025-11-15T23:38:31.236783,Stacey Jones,PASSPORT,QM9965167,High,99.05035337446022
2025-11-15T23:38:31.239878,Jay Walker,PASSPORT,LJ4883636,High,98.47402759526017
2025-11-15T23:38:31.242236,Nancy Griffith,PASSPORT,WY0670302,High,99.54076061056905
2025-11-15T23:38:31.244804,Michael Wilson,PASSPORT,YI0706549,High,99.56116146960436
2025-11-15T23:38:31.246977,Jonathan Hodges,PASSPORT,FY1417649,High,99.74787117352759
2025-11-15T23:38:31.252092,Thomas Ellison,PASSPORT,ZH0953827,High,99.61335363353298
2025-11-15T23:38:31.255525,Emma Smith,PASSPORT,TG5495499,High,98.43422018682273
2025-11-15T23:38:31.258255,Phillip Adkins,PASSPORT,EK6240840,High,99.53938798637239
2025-11-15T23:38:31.261619,Tara Garcia,PASSPORT,KK9644113,High,98.51883482660322
2025-11-15T23:38:31.266519,Andrew Manning,PASSPORT,DF9951553,High,99.68432482436215
2025-11-15T23:38:31.269310,Amber Ingram,PASSPORT,FL3517433,High,99.22152385068286
2025-11-15T23:38:31.272488,Angela Martin,PASSPORT,ZE0607080,High,99.41755425310404
2025-11-15T23:38:31.275130,John Johnson,PASSPORT,SW4275521,High,99.13695008946249
2025-11-15T23:38:31.278659,Amanda Mullins,PASSPORT,BP5888150,High,99.61451917167847
2025-11-15T23:39:13.413156,ISHAAN,PAN,124689889999,High,99.97550256047474
2025-11-15T23:40:51.572886,Rohit Sharma,AADHAR,123456789012,High,99.78581501217644
2025-11-15T23:40:51.604197,Ananya Verma,PAN,ASDFP2345Q,High,99.99060270392388
2025-11-15T23:40:51.620021,Arjun Malhotra,AADHAR,987654321098,High,99.90699905324404
2025-11-15T23:40:51.638922,Priya Nair,PAN,BNZPP1234L,High,99.97971422891627
2025-11-15T23:40:51.672191,Deepak Singh,PASSPORT,5566778899,High,99.66752793895014
2025-11-15T23:40:51.680142,Fake User,AADHAR,111122223333,High,99.6147273264043
2025-11-15T23:40:51.715036,Duplicate Aadhar,AADHAR,123456789012,High,99.95940331377665
2025-11-15T23:40:51.736689,Test User 1,AADHAR,445566778899,High,99.99996461612297
2025-11-15T23:40:51.757191,Test User 2,PAN,AMZPK6789R,High,99.99999816664774
2025-11-15T23:40:51.793924,Utility User,PASSPORT,9988776655,High,99.66901489005721
2025-11-15T23:41:59.692224,ISHAAN,AADHAR,124689889999,High,98.68353893588171
2025-11-16T00:10:03.318125,Rohit Sharma,AADHAR,123456789012,High,99.78581501217644
2025-11-16T00:10:03.419884,Ananya Verma,PAN,ASDFP2345Q,High,99.99060270392388
2025-11-16T00:10:03.438776,Arjun Malhotra,AADHAR,987654321098,High,99.90699905324404
2025-11-16T00:10:03.453910,Priya Nair,PAN,BNZPP1234L,High,99.97971422891627
2025-11-16T00:10:03.485833,Deepak Singh,PASSPORT,5566778899,High,99.66752793895014
2025-11-16T00:10:03.515192,Fake User,AADHAR,111122223333,High,99.6147273264043
2025-11-16T00:10:03.532216,Duplicate Aadhar,AADHAR,123456789012,High,99.95940331377665
2025-11-16T00:10:03.546593,Test User 1,AADHAR,445566778899,High,99.99996461612297
2025-11-16T00:10:03.560794,Test User 2,PAN,AMZPK6789R,High,99.99999816664774
2025-11-16T00:10:03.573715,Utility User,PASSPORT,9988776655,High,99.66901489005721
2025-11-16T00:10:21.751772,ISHAAN,PAN,124689889999,High,99.97579453183012
2025-11-16T00:20:23.101676,ISHAAN,PAN,124689889999,High,99.97579453183012
2025-11-16T09:41:42.036936,Ahibhruth,AADHAR,273658608383,High,99.59411988580563
2025-11-16T09:42:18.632753,Ahibhruth.A,AADHAR,273658608383,High,99.25744291219203
2025-11-16T09:48:00.377224,Raj,AADHAR,888727278818,High,75.0
2025-11-16T09:49:42.681051,Sutapa Pai Datta,AADHAR,664128049316,Medium,55.0
2025-11-16T09:50:17.341174,Ahibhruth A ,AADHAR,273658608383,Medium,40.0
2025-11-16T09:59:11.290103,Aarna Saran,AADHAR,595889253236,Low,5.0
2025-11-16T10:00:38.097145,Anahi Sachar,PAN,UXTFS5111L,Low,5.0
2025-11-16T10:02:34.888556,Crazy,AADHAR,12343445651,Low,20.0
2025-11-16T10:14:49.195820,Nikhil Kumar,AADHAR,836457892230,Low,20.0
2025-11-16T10:15:19.041057,Nikhil ,AADHAR,1234112,High,80.0
2025-11-16T10:17:04.842745,Ahibhruth A,AADHAR,273658608383,Low,5.0
2025-11-16T11:31:38.115720,Ani,AADHAR,126789319087,Medium,45.0
2025-11-16T11:32:30.464308,Ahibhruth,AADHAR,123123123123,High,90.0
2025-11-16T11:34:15.401906,Anirudha,AADHAR,651289102271,Medium,45.0
2025-11-16T11:50:35.371026,John Doe,AADHAR,123456789012,Low,5.0
2025-11-16T11:50:35.371038,Jane Smith,PAN,ABCDE1234F,Low,8.0
2025-11-16T11:50:35.371043,Bob Johnson,AADHAR,9.81829E+11,High,85.0
2025-11-16T11:50:35.371046,Ahibhruth,AADHAR,12312312312,High,80.0
2025-11-16T11:50:44.913063,John Doe,AADHAR,123456789012,Low,5.0
2025-11-16T11:50:44.913070,Jane Smith,PAN,ABCDE1234F,Low,8.0
2025-11-16T11:50:44.913074,Bob Johnson,AADHAR,9.81829E+11,High,85.0
2025-11-16T11:50:44.913078,Ahibhruth,AADHAR,12312312312,High,80.0
2025-11-16T11:50:49.533194,John Doe,AADHAR,123456789012,Low,5.0
2025-11-16T11:50:49.533201,Jane Smith,PAN,ABCDE1234F,Low,8.0
2025-11-16T11:50:49.533206,Bob Johnson,AADHAR,9.81829E+11,High,85.0
2025-11-16T11:50:49.533209,Ahibhruth,AADHAR,12312312312,High,80.0
2025-11-16T11:51:41.532710,John Doe,AADHAR,123456789012,Low,5.0
2025-11-16T11:51:41.532727,Jane Smith,PAN,ABCDE1234F,Low,8.0
2025-11-16T11:51:41.532731,Bob Johnson,AADHAR,9.81829E+11,High,85.0
2025-11-16T11:51:41.532735,Ahibhruth,AADHAR,1.23123E+11,High,85.0
